,date,fear_and_greed,open,high,low,close,vol.,volatility,rsi,outcome
981,2023-01-01,26,1196.713623046875,1203.475341796875,1192.8853759765625,1200.96484375,2399674550.0,64.1,55.53969552627878,SKIPPED
982,2023-01-02,27,1201.103271484375,1219.860595703125,1195.2149658203125,1214.6566162109375,3765758498.0,64.06,66.42099531409377,SKIPPED
983,2023-01-03,26,1214.7440185546875,1219.0953369140625,1207.4915771484375,1214.77880859375,3392972131.0,61.98,48.432249081334604,SKIPPED
984,2023-01-04,29,1214.7186279296875,1264.8074951171875,1213.1688232421875,1256.526611328125,6404416893.0,61.83,66.39366807361638,SKIPPED
985,2023-01-05,29,1256.484619140625,1258.571533203125,1245.173095703125,1250.4385986328125,4001786456.0,61.19,62.1786593588719,SKIPPED
986,2023-01-06,26,1250.458984375,1273.2203369140625,1240.947509765625,1269.3790283203125,4977252792.0,60.82,66.47314866186589,SKIPPED
987,2023-01-07,25,1269.4197998046875,1270.5982666015625,1262.2711181640625,1264.2703857421875,2565213548.0,60.13,64.0450135100964,SKIPPED
988,2023-01-08,25,1264.181884765625,1287.3594970703125,1260.226806640625,1287.3594970703125,3495088905.0,63.46,69.60761807711582,SKIPPED
989,2023-01-09,25,1287.4508056640625,1342.1441650390625,1286.6807861328125,1321.5389404296875,7990438824.0,63.3,73.572472283807,SKIPPED
990,2023-01-10,26,1321.3955078125,1342.7572021484375,1318.5272216796875,1336.5860595703125,5830173253.0,65.22,80.72630031498181,SKIPPED
991,2023-01-11,26,1336.48681640625,1387.9327392578125,1323.5831298828125,1387.9327392578125,6314904311.0,65.48,93.03409705514093,SKIPPED
992,2023-01-12,30,1405.3514404296875,1432.28125,1378.422119140625,1417.9384765625,12230193038.0,70.39,93.5500231721863,SKIPPED
993,2023-01-13,31,1417.9461669921875,1461.6727294921875,1404.02392578125,1451.6148681640625,7684148212.0,77.26,95.1168119269058,SKIPPED
994,2023-01-14,46,1451.428466796875,1563.7391357421875,1450.9884033203125,1550.7069091796875,15444626014.0,82.08,97.02476931525547,SKIPPED
995,2023-01-15,52,1550.7315673828125,1556.9508056640625,1520.893798828125,1552.4794921875,6774614499.0,80.61,97.00550496334704,SKIPPED
996,2023-01-16,45,1552.519287109375,1594.039794921875,1529.5736083984375,1576.83349609375,8454485431.0,81.32,97.08852751667328,SKIPPED
997,2023-01-17,51,1577.107421875,1594.0009765625,1553.3359375,1567.8460693359375,7599462786.0,82.71,94.86978529163459,SKIPPED
998,2023-01-18,52,1567.698974609375,1602.106689453125,1509.4228515625,1515.5069580078125,10354880595.0,74.14,82.04990230489153,SKIPPED
999,2023-01-19,45,1515.2496337890625,1557.9703369140625,1514.3800048828125,1552.5565185546875,6432638856.0,69.64,84.72713322916385,SKIPPED
1000,2023-01-20,51,1552.3736572265625,1659.8857421875,1544.9178466796875,1659.754150390625,8528894754.0,73.92,87.30324813650157,SKIPPED
1001,2023-01-21,53,1659.7060546875,1674.1793212890625,1626.81298828125,1627.1181640625,8859250310.0,74.33,82.93987651850173,SKIPPED
1002,2023-01-22,53,1627.365966796875,1658.0234375,1612.085693359375,1628.382080078125,7517988734.0,74.46,82.2359495045047,SKIPPED
1003,2023-01-23,50,1628.55078125,1641.2181396484375,1607.903076171875,1628.2510986328125,8264507375.0,73.96,80.98733811288699,SKIPPED
1004,2023-01-24,52,1627.8482666015625,1639.723876953125,1551.3897705078125,1556.604248046875,8180274691.0,69.86,69.94729163839935,SKIPPED
1005,2023-01-25,51,1556.8074951171875,1632.24169921875,1530.7978515625,1611.7110595703125,10598973448.0,68.71,70.15080412304047,PROFITABLE
1006,2023-01-26,54,1611.0809326171875,1626.1982421875,1586.59814453125,1603.10595703125,8395315241.0,66.21,67.34237777383473,SKIPPED
1007,2023-01-27,55,1603.080078125,1617.0008544921875,1565.2449951171875,1598.156494140625,8124465373.0,65.73,64.50529562688783,PROFITABLE
1008,2023-01-28,52,1598.1253662109375,1604.7041015625,1565.39013671875,1572.43505859375,5803653357.0,72.09,52.51622497692243,PROFITABLE
1009,2023-01-29,55,1572.6295166015625,1653.7249755859375,1568.98486328125,1646.1556396484375,8801292300.0,68.76,59.2986399953664,PROFITABLE
1010,2023-01-30,61,1646.147705078125,1646.651611328125,1546.6607666015625,1567.3265380859375,9180418120.0,68.8,49.14840279462009,PROFITABLE
1011,2023-01-31,51,1567.419921875,1598.517578125,1563.8043212890625,1586.535400390625,6585191019.0,71.12,51.644014219639004,PROFITABLE
1012,2023-02-01,56,1586.4881591796875,1644.7275390625,1566.8572998046875,1641.792724609375,8116969489.0,70.28,61.05203467397164,PROFITABLE
1013,2023-02-02,60,1641.365966796875,1704.4581298828125,1641.3226318359375,1643.2415771484375,10558081069.0,70.19,58.463802697964425,PROFITABLE
1014,2023-02-03,60,1642.9046630859375,1670.6968994140625,1634.223388671875,1664.74560546875,8169519805.0,71.49,50.55457001497298,PROFITABLE
1015,2023-02-04,58,1664.4722900390625,1690.099609375,1648.189208984375,1667.0592041015625,5843302512.0,71.24,54.75820616309686,PROFITABLE
1016,2023-02-05,58,1667.16650390625,1671.770263671875,1616.391845703125,1631.6458740234375,6926696531.0,71.79,50.359562462631025,PROFITABLE
1017,2023-02-06,56,1631.645263671875,1653.7154541015625,1611.319091796875,1616.2470703125,6919871886.0,71.25,48.7205915070393,PROFITABLE
1018,2023-02-07,54,1616.0096435546875,1673.7978515625,1614.863037109375,1672.0035400390625,8030277434.0,69.53,62.7306592086867,PROFITABLE
1019,2023-02-08,58,1671.9052734375,1688.5272216796875,1635.2650146484375,1650.716796875,7806089579.0,67.67,54.65003141883622,PROFITABLE
1020,2023-02-09,55,1651.082275390625,1655.23486328125,1537.1822509765625,1546.438232421875,10524969124.0,68.53,44.49921011357965,PROFITABLE
1021,2023-02-10,48,1546.5965576171875,1553.32568359375,1504.83447265625,1514.869140625,8397387897.0,67.58,42.31250599978097,PROFITABLE
1022,2023-02-11,49,1514.94189453125,1541.334716796875,1510.14697265625,1539.9267578125,5064007416.0,66.8,46.995774581790094,PROFITABLE
1023,2023-02-12,50,1539.7760009765625,1545.55419921875,1501.4620361328125,1515.03369140625,5319698775.0,70.31,36.680431592550924,PROFITABLE
1024,2023-02-13,48,1514.9169921875,1524.7314453125,1470.02392578125,1507.1658935546875,9363855114.0,64.93,42.85934103254964,PROFITABLE
1025,2023-02-14,50,1506.9920654296875,1562.0343017578125,1497.1944580078125,1556.8751220703125,9249575045.0,64.91,46.71721286336665,PROFITABLE
1026,2023-02-15,53,1556.76513671875,1674.289794921875,1545.689697265625,1673.7459716796875,10015035156.0,70.55,53.112118836450556,PROFITABLE
1027,2023-02-16,62,1673.867431640625,1732.8011474609375,1638.1455078125,1640.067626953125,12704861676.0,68.94,49.70913081562176,PROFITABLE
1028,2023-02-17,61,1640.2801513671875,1716.7818603515625,1636.173828125,1694.7833251953125,9802443159.0,70.51,52.59478594273458,PROFITABLE
1029,2023-02-18,60,1694.7418212890625,1705.30908203125,1683.670166015625,1691.8194580078125,5491437195.0,71.37,52.13649574082797,PROFITABLE
1030,2023-02-19,60,1691.68017578125,1718.9476318359375,1673.9066162109375,1681.4361572265625,6959144003.0,72.73,54.490227187560414,PROFITABLE
1031,2023-02-20,58,1682.3370361328125,1716.4893798828125,1659.2950439453125,1702.6751708984375,7703604237.0,70.7,57.713080663368146,PROFITABLE
1032,2023-02-21,60,1702.7978515625,1714.28564453125,1642.396728515625,1658.036376953125,8721608198.0,68.43,48.72829711471411,PROFITABLE
1033,2023-02-22,59,1658.1409912109375,1663.996826171875,1604.8033447265625,1643.231689453125,9189387004.0,65.08,49.310344362184935,PROFITABLE
1034,2023-02-23,56,1643.298583984375,1674.6015625,1632.566162109375,1651.0738525390625,9013236167.0,61.61,61.72431196989779,PROFITABLE
1035,2023-02-24,53,1650.8951416015625,1661.09130859375,1583.1478271484375,1608.3731689453125,8909129423.0,58.3,60.222033317008005,PROFITABLE
1036,2023-02-25,52,1608.6583251953125,1608.8651123046875,1567.6317138671875,1594.9149169921875,5657686235.0,59.94,56.167831371194836,PROFITABLE
1037,2023-02-26,51,1594.7611083984375,1645.2734375,1590.39306640625,1640.817138671875,5727967432.0,59.39,63.47367292393471,PROFITABLE
1038,2023-02-27,50,1640.763671875,1662.57568359375,1615.387939453125,1634.326416015625,7239824677.0,57.53,63.66148647922028,PROFITABLE
1039,2023-02-28,53,1634.50244140625,1644.435791015625,1602.4281005859375,1605.8951416015625,6323676957.0,62.34,55.518782484889634,PROFITABLE
1040,2023-03-01,50,1606.0404052734375,1663.4337158203125,1601.548583984375,1663.4337158203125,7701847224.0,61.95,48.66000672550425,PROFITABLE
1041,2023-03-02,51,1663.549072265625,1672.0511474609375,1622.5999755859375,1647.3193359375,7080950926.0,59.7,50.98736959394953,PROFITABLE
1042,2023-03-03,50,1647.5577392578125,1648.475341796875,1552.4515380859375,1569.1676025390625,9922240199.0,58.22,33.922614367974845,PROFITABLE
1043,2023-03-04,50,1569.278076171875,1575.63720703125,1551.73681640625,1566.9239501953125,4389045367.0,59.11,33.985269147353605,UNPROFITABLE
1044,2023-03-05,47,1567.1793212890625,1584.2088623046875,1559.9541015625,1564.46875,5020886238.0,59.53,34.69058491990731,PROFITABLE
1045,2023-03-06,48,1564.3831787109375,1579.456298828125,1557.363525390625,1567.398681640625,5245153345.0,59.45,31.402853346373774,UNPROFITABLE
1046,2023-03-07,49,1567.4246826171875,1579.1622314453125,1543.1275634765625,1561.93310546875,6854058349.0,59.13,35.19342556935344,PROFITABLE
1047,2023-03-08,50,1561.9779052734375,1568.17529296875,1534.0882568359375,1534.0882568359375,7130327525.0,57.0,33.83391788504022,UNPROFITABLE
1048,2023-03-09,44,1534.0316162109375,1544.1083984375,1423.2647705078125,1438.6607666015625,9457897583.0,64.48,25.01930881061746,UNPROFITABLE
1049,2023-03-10,34,1438.7601318359375,1438.7601318359375,1378.525390625,1429.1580810546875,12665194936.0,71.25,27.138398235016396,SKIPPED
1050,2023-03-11,33,1429.100830078125,1484.136962890625,1428.72314453125,1482.61669921875,14917080154.0,67.41,37.00122449867759,SKIPPED
1051,2023-03-12,33,1482.431884765625,1607.152587890625,1461.6109619140625,1590.29296875,11480965122.0,73.14,44.88343102631529,LIQUIDATED
1052,2023-03-13,49,1590.8311767578125,1699.9117431640625,1572.07470703125,1680.3089599609375,15711468959.0,68.58,53.98285387902386,PROFITABLE
1053,2023-03-14,56,1680.2952880859375,1779.9178466796875,1665.90234375,1703.507080078125,16159781303.0,68.69,58.532167964536164,PROFITABLE
1054,2023-03-15,50,1705.18994140625,1721.0792236328125,1616.63037109375,1656.1805419921875,12715339905.0,65.42,49.354482790987916,PROFITABLE
1055,2023-03-16,52,1656.33203125,1693.1392822265625,1639.26171875,1677.2154541015625,9364980166.0,67.95,52.637590694137955,PROFITABLE
1056,2023-03-17,51,1677.2967529296875,1799.343994140625,1667.1318359375,1792.485107421875,12467445117.0,76.42,68.49115628793538,PROFITABLE
1057,2023-03-18,64,1793.5924072265625,1840.3575439453125,1751.2628173828125,1761.65966796875,10317822213.0,80.79,65.39580074956422,PROFITABLE
1058,2023-03-19,63,1762.9632568359375,1843.8441162109375,1762.9632568359375,1785.5765380859375,9170565472.0,74.28,66.9070327185197,PROFITABLE
1059,2023-03-20,66,1785.416259765625,1807.7252197265625,1728.103759765625,1735.3212890625,10978325507.0,77.6,61.97363335991004,PROFITABLE
1060,2023-03-21,68,1735.617919921875,1836.28857421875,1725.00732421875,1806.7607421875,10758627746.0,75.36,65.95608351400625,PROFITABLE
1061,2023-03-22,62,1804.95703125,1821.458251953125,1717.76513671875,1737.717041015625,12484103560.0,72.44,62.59469652640857,PROFITABLE
1062,2023-03-23,57,1737.140869140625,1853.8880615234375,1732.524658203125,1816.4051513671875,11012966854.0,71.39,73.85799380436409,PROFITABLE
1063,2023-03-24,61,1815.81982421875,1819.935302734375,1730.3494873046875,1752.0447998046875,10913669383.0,69.78,69.0716585979531,SKIPPED
1064,2023-03-25,64,1751.469482421875,1762.674560546875,1716.6519775390625,1743.7647705078125,6614309912.0,68.58,66.29465057587774,PROFITABLE
1065,2023-03-26,64,1743.8421630859375,1797.8802490234375,1741.182861328125,1775.6767578125,6990313307.0,69.04,62.77510834746561,PROFITABLE
1066,2023-03-27,64,1775.4813232421875,1781.3792724609375,1690.5166015625,1715.4608154296875,8585750760.0,66.57,52.526124976709376,PROFITABLE
1067,2023-03-28,59,1715.327392578125,1791.1109619140625,1702.564697265625,1772.78564453125,8346890042.0,70.32,54.7458023402133,PROFITABLE
1068,2023-03-29,57,1772.89990234375,1825.6009521484375,1772.89990234375,1793.0018310546875,9136176952.0,70.25,59.73425257712261,PROFITABLE
1069,2023-03-30,60,1793.345947265625,1827.2802734375,1766.2489013671875,1792.7371826171875,9724496987.0,66.32,58.46918031460632,PROFITABLE
1070,2023-03-31,63,1793.6201171875,1844.6773681640625,1783.1422119140625,1822.0220947265625,9149379763.0,64.37,52.47781997473098,PROFITABLE
1071,2023-04-01,61,1821.704345703125,1840.173095703125,1811.1185302734375,1813.860595703125,5556443606.0,66.51,54.55216483045759,UNPROFITABLE
1072,2023-04-02,63,1821.192138671875,1824.328857421875,1774.8724365234375,1795.7081298828125,6199721188.0,66.25,50.892494990079086,UNPROFITABLE
1073,2023-04-03,63,1794.9224853515625,1839.1578369140625,1765.5189208984375,1810.297119140625,9643826401.0,69.49,57.047486733510866,UNPROFITABLE
1074,2023-04-04,62,1810.14208984375,1886.5946044921875,1802.9554443359375,1871.005126953125,10398322335.0,68.01,56.16310246847308,UNPROFITABLE
1075,2023-04-05,62,1870.965087890625,1937.49755859375,1865.94189453125,1909.114013671875,10319231689.0,67.87,67.47996771130198,PROFITABLE
1076,2023-04-06,63,1909.1435546875,1909.271728515625,1857.0850830078125,1872.922607421875,8263191830.0,62.84,56.31098981416432,PROFITABLE
1077,2023-04-07,64,1872.734130859375,1882.2991943359375,1845.993896484375,1865.6361083984375,8356130492.0,61.28,64.53703449120536,PROFITABLE
1078,2023-04-08,61,1864.6790771484375,1879.1077880859375,1848.87548828125,1849.4981689453125,5016362733.0,62.35,63.264619798857936,PROFITABLE
1079,2023-04-09,61,1849.6722412109375,1873.057373046875,1828.7000732421875,1859.3878173828125,6361497715.0,65.35,61.11606591433627,PROFITABLE
1080,2023-04-10,62,1859.7412109375,1917.3001708984375,1848.1641845703125,1911.20751953125,8380134275.0,66.42,76.58622168091898,PROFITABLE
1081,2023-04-11,68,1911.3758544921875,1936.728271484375,1886.5341796875,1892.189697265625,8877222956.0,63.29,68.10092392326152,SKIPPED
1082,2023-04-12,65,1891.94970703125,1929.8812255859375,1860.036865234375,1920.68212890625,11010714187.0,64.51,68.88176030009875,PROFITABLE
1083,2023-04-13,61,1917.6983642578125,2022.150146484375,1901.8603515625,2012.6346435546875,12546950499.0,62.78,75.58180354697231,PROFITABLE
1084,2023-04-14,68,2013.9306640625,2126.316650390625,2011.5032958984375,2101.635498046875,16298099411.0,63.77,78.56061824588441,SKIPPED
1085,2023-04-15,68,2101.616455078125,2111.075439453125,2076.5107421875,2092.466796875,8036468153.0,65.66,78.39930557802218,SKIPPED
1086,2023-04-16,68,2092.281005859375,2137.445068359375,2076.83203125,2120.005859375,7898126856.0,65.94,82.43610020607048,SKIPPED
1087,2023-04-17,69,2120.001220703125,2120.113525390625,2063.03857421875,2076.242919921875,9648882546.0,64.94,75.1330235794706,SKIPPED
1088,2023-04-18,58,2075.855224609375,2121.531494140625,2057.65380859375,2104.537353515625,9134015143.0,63.25,73.51013674765807,SKIPPED
1089,2023-04-19,63,2103.9462890625,2104.857177734375,1928.5828857421875,1936.4034423828125,13779745451.0,61.49,52.17727438030148,SKIPPED
1090,2023-04-20,52,1936.41796875,1979.5733642578125,1918.1328125,1943.09765625,11324135406.0,62.03,55.87543073791552,PROFITABLE
1091,2023-04-21,50,1943.409912109375,1955.649169921875,1827.7889404296875,1849.9998779296875,12044274581.0,62.3,48.85533047180846,PROFITABLE
1092,2023-04-22,53,1849.2864990234375,1886.7816162109375,1845.8492431640625,1874.2286376953125,6970642726.0,61.61,51.78922929746397,PROFITABLE
1093,2023-04-23,56,1874.1715087890625,1882.229736328125,1838.992431640625,1862.06201171875,6607451862.0,61.88,50.19284042404295,PROFITABLE
1094,2023-04-24,53,1862.0853271484375,1888.1937255859375,1811.7921142578125,1842.7574462890625,8438191338.0,60.26,44.8210944006904,PROFITABLE
1095,2023-04-25,53,1842.204345703125,1877.4849853515625,1805.3228759765625,1866.753662109375,8677255481.0,60.21,48.08990881664034,PROFITABLE
1096,2023-04-26,56,1866.14892578125,1962.567626953125,1792.4638671875,1866.564208984375,14356524696.0,59.4,45.75565718986123,PROFITABLE
1097,2023-04-27,59,1866.6932373046875,1936.9451904296875,1863.14794921875,1908.786376953125,14008145806.0,54.64,41.166355675867635,PROFITABLE
1098,2023-04-28,64,1909.2730712890625,1923.19921875,1876.2918701171875,1892.5128173828125,7691759733.0,55.52,29.69968050512469,PROFITABLE
1099,2023-04-29,64,1892.5650634765625,1916.9737548828125,1887.990478515625,1908.9169921875,4796651246.0,56.11,32.428964000200054,SKIPPED
1100,2023-04-30,60,1908.7413330078125,1938.41796875,1876.92431640625,1876.92431640625,6539641957.0,57.88,26.926791851187545,PROFITABLE
1101,2023-05-01,63,1868.89111328125,1886.2064208984375,1809.1932373046875,1831.954833984375,8625783201.0,55.93,26.8652571932208,SKIPPED
1102,2023-05-02,55,1831.7265625,1879.759521484375,1824.3270263671875,1870.789306640625,7536785767.0,57.41,28.296699186527448,SKIPPED
1103,2023-05-03,64,1870.6871337890625,1915.504150390625,1845.871826171875,1904.65185546875,8306390869.0,56.69,46.07264909903557,SKIPPED
1104,2023-05-04,64,1905.1689453125,1915.8717041015625,1868.6297607421875,1877.7041015625,6578438233.0,54.64,42.29740175486222,PROFITABLE
1105,2023-05-05,61,1877.8331298828125,1998.41357421875,1876.9466552734375,1995.0609130859375,9498261360.0,55.84,66.16281581239524,PROFITABLE
1106,2023-05-06,60,1995.4791259765625,2017.5594482421875,1870.6055908203125,1900.2218017578125,9623243037.0,57.14,52.5024244381485,PROFITABLE
1107,2023-05-07,64,1899.9176025390625,1933.9984130859375,1873.076416015625,1873.076416015625,6883942236.0,56.58,51.03065816827724,PROFITABLE
1108,2023-05-08,60,1872.47509765625,1886.162109375,1818.4505615234375,1849.042724609375,9895102899.0,56.25,50.582976924353744,PROFITABLE
1109,2023-05-09,51,1849.06103515625,1860.66748046875,1832.906982421875,1848.6031494140625,6129516088.0,54.72,48.239560603495335,PROFITABLE
1110,2023-05-10,52,1848.2135009765625,1886.80029296875,1795.6688232421875,1842.4014892578125,9945549603.0,56.07,47.68344671053202,PROFITABLE
1111,2023-05-11,52,1842.4920654296875,1842.4920654296875,1774.132568359375,1796.4906005859375,8353828312.0,55.6,39.30947685492389,PROFITABLE
1112,2023-05-12,49,1795.1766357421875,1812.4249267578125,1742.40380859375,1808.019775390625,9047198660.0,53.71,41.88296511760176,PROFITABLE
1113,2023-05-13,48,1808.375,1816.0584716796875,1788.4755859375,1796.1148681640625,4647630864.0,53.42,39.0688866854941,PROFITABLE
1114,2023-05-14,48,1796.10791015625,1823.49072265625,1793.228759765625,1800.5009765625,4711210241.0,54.25,42.17553712414308,PROFITABLE
1115,2023-05-15,50,1800.3712158203125,1845.6954345703125,1787.536376953125,1817.5499267578125,6748889346.0,54.27,48.43574899129969,PROFITABLE
1116,2023-05-16,54,1816.82421875,1830.3515625,1797.84375,1824.1214599609375,5595959668.0,53.27,44.55041644868979,PROFITABLE
1117,2023-05-17,50,1824.068359375,1835.5545654296875,1786.6719970703125,1821.859619140625,6352161579.0,52.08,39.561654562568755,PROFITABLE
1118,2023-05-18,51,1822.0682373046875,1831.4503173828125,1774.195068359375,1801.728515625,5673124255.0,51.2,40.25356100372073,PROFITABLE
1119,2023-05-19,48,1800.994384765625,1826.1942138671875,1797.4344482421875,1812.5894775390625,4796110259.0,51.19,17.791378259741634,PROFITABLE
1120,2023-05-20,48,1812.76611328125,1829.0096435546875,1808.0467529296875,1820.47802734375,2951655969.0,52.32,29.689772523064505,SKIPPED
1121,2023-05-21,52,1820.1380615234375,1827.9219970703125,1799.9468994140625,1804.5313720703125,3386768865.0,51.1,31.485881328113308,SKIPPED
1122,2023-05-22,49,1804.8419189453125,1826.696533203125,1793.2239990234375,1817.5347900390625,4534841049.0,54.1,40.950433592991274,PROFITABLE
1123,2023-05-23,50,1817.7811279296875,1869.343994140625,1816.2879638671875,1854.380615234375,6820047160.0,54.71,51.37237458585772,PROFITABLE
1124,2023-05-24,50,1854.2996826171875,1854.2996826171875,1780.925537109375,1800.0999755859375,7101647419.0,51.46,41.82012170653523,PROFITABLE
1125,2023-05-25,51,1799.84521484375,1815.9947509765625,1763.3651123046875,1805.9537353515625,6321689859.0,49.15,52.16534399367173,PROFITABLE
1126,2023-05-26,49,1805.7254638671875,1837.8658447265625,1798.406005859375,1828.689697265625,5451414258.0,47.4,54.49893403788151,PROFITABLE
1127,2023-05-27,48,1828.57568359375,1836.1845703125,1817.4920654296875,1831.1182861328125,3216737652.0,47.37,57.94651259977897,PROFITABLE
1128,2023-05-28,50,1831.0986328125,1915.7232666015625,1825.46728515625,1910.9141845703125,6359610561.0,49.39,68.67272640942694,PROFITABLE
1129,2023-05-29,52,1909.2974853515625,1926.4217529296875,1879.0775146484375,1893.078125,5884674572.0,47.21,62.739170736146576,PROFITABLE
1130,2023-05-30,51,1893.0931396484375,1916.574951171875,1883.9346923828125,1901.026611328125,5363439784.0,45.85,62.911445274729964,PROFITABLE
1131,2023-05-31,51,1901.0982666015625,1907.035400390625,1852.0947265625,1874.1304931640625,5984512548.0,45.57,58.10521717173438,PROFITABLE
1132,2023-06-01,52,1873.9146728515625,1887.705322265625,1846.2274169921875,1862.201416015625,5640027197.0,44.66,59.62178208283612,PROFITABLE
1133,2023-06-02,50,1862.4237060546875,1910.2784423828125,1851.9647216796875,1907.256591796875,6097746022.0,44.31,63.58425688966896,PROFITABLE
1134,2023-06-03,53,1907.4207763671875,1908.822265625,1885.4854736328125,1892.4124755859375,3472274607.0,43.66,60.12021563249738,PROFITABLE
1135,2023-06-04,52,1892.398193359375,1912.2056884765625,1885.65185546875,1890.5135498046875,3747042696.0,44.22,62.594354939070705,PROFITABLE
1136,2023-06-05,53,1890.4176025390625,1890.6405029296875,1780.2115478515625,1811.828369140625,9246593033.0,42.07,49.29902372855737,PROFITABLE
1137,2023-06-06,44,1810.5814208984375,1896.22265625,1801.4052734375,1884.494873046875,8704411776.0,45.12,53.40001720020376,PROFITABLE
1138,2023-06-07,53,1884.3729248046875,1893.80908203125,1822.3031005859375,1832.39599609375,7919894455.0,43.74,53.66439971734002,PROFITABLE
1139,2023-06-08,50,1832.5135498046875,1861.1361083984375,1830.1650390625,1846.3018798828125,4536041931.0,42.9,54.49586692325312,PROFITABLE
1140,2023-06-09,50,1846.077880859375,1854.824951171875,1828.5445556640625,1840.2252197265625,4610831509.0,45.86,51.33492735234347,PROFITABLE
1141,2023-06-10,49,1840.3919677734375,1844.78564453125,1721.443115234375,1752.384765625,10788500406.0,46.48,42.39256459098764,PROFITABLE
1142,2023-06-11,47,1752.527587890625,1776.84716796875,1741.1104736328125,1753.415283203125,4559112981.0,49.26,32.04985407335538,PROFITABLE
1143,2023-06-12,47,1753.075439453125,1757.6597900390625,1722.9063720703125,1742.5286865234375,6031384958.0,49.36,32.56571460721362,PROFITABLE
1144,2023-06-13,45,1742.39013671875,1761.9554443359375,1727.7498779296875,1739.03759765625,6214125203.0,46.22,31.045278310085124,PROFITABLE
1145,2023-06-14,46,1739.2501220703125,1749.1632080078125,1637.187744140625,1650.519287109375,7462905534.0,51.49,27.132471956483585,PROFITABLE
1146,2023-06-15,41,1650.4981689453125,1676.4066162109375,1624.1383056640625,1665.519775390625,7328564880.0,48.98,30.0119787994107,SKIPPED
1147,2023-06-16,47,1665.41064453125,1727.28955078125,1653.1708984375,1716.6688232421875,6281023479.0,47.81,30.86824127684342,PROFITABLE
1148,2023-06-17,47,1716.6717529296875,1766.76318359375,1714.15087890625,1727.2041015625,4875187477.0,47.79,33.271183712942914,PROFITABLE
1149,2023-06-18,49,1727.1937255859375,1746.5091552734375,1718.1114501953125,1720.5775146484375,3820038842.0,48.13,32.955654602593754,PROFITABLE
1150,2023-06-19,47,1720.50537109375,1745.1346435546875,1705.8134765625,1737.659423828125,5210480121.0,49.99,41.5120676629548,PROFITABLE
1151,2023-06-20,49,1736.8797607421875,1793.31396484375,1715.342529296875,1792.1199951171875,7171072578.0,55.52,38.968906495580626,PROFITABLE
1152,2023-06-21,59,1791.9949951171875,1898.6689453125,1788.4892578125,1891.0072021484375,11731457711.0,53.93,56.29563797646081,PROFITABLE
1153,2023-06-22,65,1889.79443359375,1932.0655517578125,1867.8765869140625,1872.9429931640625,8477657143.0,54.14,52.836279592988866,PROFITABLE
1154,2023-06-23,65,1872.540771484375,1932.5316162109375,1865.1920166015625,1892.862060546875,8290615074.0,53.4,55.44341100106772,PROFITABLE
1155,2023-06-24,62,1893.77197265625,1905.2274169921875,1867.8115234375,1876.0596923828125,5026191704.0,51.34,64.9925994808242,PROFITABLE
1156,2023-06-25,64,1875.84912109375,1929.0791015625,1870.85009765625,1900.506103515625,6937581709.0,50.79,66.87327761969843,PROFITABLE
1157,2023-06-26,55,1900.05029296875,1905.3604736328125,1840.215087890625,1859.432861328125,8619702292.0,50.39,62.54186497444033,PROFITABLE
1158,2023-06-27,59,1859.34619140625,1911.3111572265625,1856.83837890625,1889.703369140625,7686042202.0,49.69,65.28561372360679,PROFITABLE
1159,2023-06-28,62,1889.906494140625,1890.208984375,1822.102783203125,1827.97119140625,7135265016.0,46.95,69.03789910300864,PROFITABLE
1160,2023-06-29,54,1828.059326171875,1876.5302734375,1828.059326171875,1852.227294921875,5677228612.0,47.32,69.64082455332928,PROFITABLE
1161,2023-06-30,56,1852.0084228515625,1945.2742919921875,1831.281005859375,1933.18896484375,12895131248.0,47.55,71.43265905753155,PROFITABLE
1162,2023-07-01,59,1933.3238525390625,1942.7015380859375,1910.8486328125,1924.56591796875,5136809625.0,47.24,69.6104754289884,SKIPPED
1163,2023-07-02,63,1924.4481201171875,1958.1607666015625,1895.906982421875,1937.4383544921875,6343966490.0,50.58,71.28378103148927,PROFITABLE
1164,2023-07-03,62,1937.8837890625,1974.7750244140625,1934.6888427734375,1955.38916015625,7858509087.0,50.87,71.33267472623155,SKIPPED
1165,2023-07-04,64,1955.524169921875,1966.3653564453125,1932.611328125,1936.633544921875,5683423776.0,47.23,65.22429652948975,SKIPPED
1166,2023-07-05,61,1936.7967529296875,1942.4324951171875,1897.124755859375,1910.5880126953125,6034088075.0,48.36,52.436799028719726,PROFITABLE
1167,2023-07-06,56,1910.4171142578125,1956.0123291015625,1847.8507080078125,1848.636474609375,8905008384.0,47.19,47.27297827273696,PROFITABLE
1168,2023-07-07,55,1847.5125732421875,1876.9632568359375,1832.025390625,1870.6025390625,6468885150.0,45.72,47.514055436495596,PROFITABLE
1169,2023-07-08,58,1871.0020751953125,1872.5015869140625,1844.6417236328125,1865.53955078125,4299007854.0,43.86,48.79347357698593,PROFITABLE
1170,2023-07-09,55,1865.594970703125,1878.6689453125,1857.748291015625,1863.009765625,4392863807.0,44.65,45.47202018921493,PROFITABLE
1171,2023-07-10,56,1863.240234375,1905.4608154296875,1848.7772216796875,1880.556396484375,6336468234.0,43.69,52.704505529541954,PROFITABLE
1172,2023-07-11,57,1880.6549072265625,1889.3817138671875,1863.2186279296875,1878.3360595703125,4905225892.0,43.72,48.43198593113138,PROFITABLE
1173,2023-07-12,64,1878.322021484375,1901.1484375,1865.7100830078125,1872.11376953125,6379007000.0,46.86,57.190168357023786,PROFITABLE
1174,2023-07-13,57,1872.040283203125,2011.88525390625,1864.49609375,2006.511474609375,11114853969.0,51.42,68.49458111009395,PROFITABLE
1175,2023-07-14,60,2005.6861572265625,2026.2049560546875,1901.3612060546875,1939.3470458984375,10627449471.0,47.46,50.76344415055015,PROFITABLE
1176,2023-07-15,56,1939.129638671875,1946.0191650390625,1928.1873779296875,1931.466552734375,4380084234.0,45.64,50.85707978528885,PROFITABLE
1177,2023-07-16,57,1931.64501953125,1942.0308837890625,1917.2940673828125,1923.681884765625,4329306566.0,45.16,48.26953451425872,PROFITABLE
1178,2023-07-17,54,1923.6943359375,1936.1776123046875,1875.120361328125,1911.6461181640625,6678090758.0,46.02,44.41431546866578,PROFITABLE
1179,2023-07-18,56,1911.697021484375,1916.4683837890625,1878.718505859375,1897.5992431640625,5814708445.0,44.04,44.954919619565956,PROFITABLE
1180,2023-07-19,50,1897.7972412109375,1919.264404296875,1883.067138671875,1889.0079345703125,6018487800.0,43.76,47.07904347860569,PROFITABLE
1181,2023-07-20,56,1889.07373046875,1919.264404296875,1879.734375,1890.9691162109375,7366830684.0,41.67,56.84085357939094,PROFITABLE
1182,2023-07-21,50,1891.581298828125,1905.38623046875,1885.2962646484375,1892.080078125,4668158260.0,40.39,53.72156223374957,PROFITABLE
1183,2023-07-22,52,1891.955078125,1897.0880126953125,1855.0927734375,1864.912353515625,4101305643.0,40.11,49.8990541186234,PROFITABLE
1184,2023-07-23,54,1866.09423828125,1904.4832763671875,1859.56884765625,1889.191650390625,4480604100.0,39.28,53.9381954390217,PROFITABLE
1185,2023-07-24,55,1888.8095703125,1889.761962890625,1836.8524169921875,1850.0020751953125,6344373569.0,38.59,45.685059193579924,PROFITABLE
1186,2023-07-25,50,1850.0279541015625,1867.3232421875,1845.9815673828125,1857.741943359375,4163381707.0,38.69,47.13630260573768,PROFITABLE
1187,2023-07-26,51,1857.696533203125,1886.97412109375,1849.4368896484375,1872.159912109375,5781548155.0,38.66,50.00627332998314,PROFITABLE
1188,2023-07-27,51,1872.0863037109375,1885.591552734375,1855.321533203125,1860.357177734375,4291339248.0,36.52,20.19362136885249,PROFITABLE
1189,2023-07-28,52,1860.7025146484375,1881.457275390625,1857.0489501953125,1874.744873046875,3800973336.0,36.37,33.21115481226235,SKIPPED
1190,2023-07-29,52,1874.5604248046875,1885.529296875,1870.3338623046875,1881.06884765625,2497302218.0,36.88,36.79579469321806,PROFITABLE
1191,2023-07-30,52,1880.87158203125,1884.1441650390625,1851.72802734375,1861.643798828125,4003005547.0,37.08,34.68043956891958,PROFITABLE
1192,2023-07-31,50,1861.7552490234375,1875.62939453125,1851.9154052734375,1856.162353515625,4391613314.0,38.68,35.840607891600314,PROFITABLE
1193,2023-08-01,53,1856.190185546875,1873.0299072265625,1817.9207763671875,1871.7921142578125,7634860636.0,39.15,43.46683230427877,PROFITABLE
1194,2023-08-02,53,1873.4681396484375,1877.511474609375,1822.3482666015625,1839.0897216796875,6448512422.0,38.44,38.73786290118248,PROFITABLE
1195,2023-08-03,52,1838.89794921875,1856.4075927734375,1825.3477783203125,1835.136474609375,4710581074.0,36.74,37.51571518489465,PROFITABLE
1196,2023-08-04,54,1834.8905029296875,1847.9122314453125,1817.413818359375,1827.712890625,4861242484.0,37.27,36.00252715631205,PROFITABLE
1197,2023-08-05,50,1827.798583984375,1836.46484375,1824.8079833984375,1834.9879150390625,2866049749.0,37.02,42.87620620732904,PROFITABLE
1198,2023-08-06,49,1834.84521484375,1836.2489013671875,1824.9866943359375,1827.4620361328125,2963395076.0,37.23,34.030890493799475,PROFITABLE
1199,2023-08-07,49,1827.239501953125,1842.5225830078125,1804.7166748046875,1826.9388427734375,5837881974.0,35.01,42.54156863364336,PROFITABLE
1200,2023-08-08,54,1826.9310302734375,1873.84716796875,1824.4300537109375,1855.807373046875,5812855406.0,38.35,49.44959455873793,PROFITABLE
1201,2023-08-09,50,1855.7794189453125,1869.736572265625,1845.48974609375,1854.297607421875,5870081833.0,36.85,44.515121573825155,PROFITABLE
1202,2023-08-10,53,1854.3482666015625,1863.3109130859375,1845.4422607421875,1850.75341796875,3760304518.0,34.44,46.893469628862135,PROFITABLE
1203,2023-08-11,51,1850.74169921875,1855.0660400390625,1839.5692138671875,1847.1243896484375,3353025102.0,33.68,40.39722170586852,PROFITABLE
1204,2023-08-12,54,1847.1719970703125,1852.281005859375,1845.71923828125,1848.889892578125,2291124840.0,35.46,38.446164500039444,PROFITABLE
1205,2023-08-13,54,1849.0538330078125,1859.9163818359375,1834.8043212890625,1839.2801513671875,3054625661.0,34.58,41.36147033666138,PROFITABLE
1206,2023-08-14,50,1839.323486328125,1853.8363037109375,1834.8004150390625,1844.185791015625,4083364724.0,34.6,45.35307568871215,PROFITABLE
1207,2023-08-15,53,1844.1641845703125,1845.547607421875,1816.3250732421875,1826.9327392578125,4483923893.0,34.83,32.811020764029465,PROFITABLE
1208,2023-08-16,52,1827.036376953125,1829.3612060546875,1798.9666748046875,1805.6590576171875,4976573383.0,38.85,35.96058810261037,PROFITABLE
1209,2023-08-17,50,1805.5673828125,1807.71484375,1551.7132568359375,1684.9334716796875,14208462072.0,45.25,18.154713994592996,PROFITABLE
1210,2023-08-18,37,1682.0384521484375,1698.124267578125,1644.930908203125,1660.945068359375,9645084584.0,43.06,16.963220834594836,SKIPPED
1211,2023-08-19,39,1660.8443603515625,1693.2281494140625,1654.0758056640625,1669.471923828125,4871231360.0,42.36,17.3730312388559,SKIPPED
1212,2023-08-20,37,1669.5877685546875,1692.3287353515625,1662.9014892578125,1684.85205078125,4105056995.0,43.91,22.732660048967546,SKIPPED
1213,2023-08-21,38,1685.0223388671875,1685.0826416015625,1651.9598388671875,1667.26904296875,5077248383.0,44.2,21.34046220205269,SKIPPED
1214,2023-08-22,37,1667.279296875,1668.638671875,1596.384033203125,1633.892578125,7244623133.0,43.28,10.802279338898558,SKIPPED
1215,2023-08-23,37,1634.4017333984375,1696.593994140625,1629.5810546875,1679.2744140625,7191868448.0,48.47,23.233387521571373,SKIPPED
1216,2023-08-24,41,1679.248291015625,1682.48974609375,1641.6270751953125,1659.944580078125,5104531920.0,42.77,22.163287664987678,SKIPPED
1217,2023-08-25,39,1660.2698974609375,1671.970703125,1635.9674072265625,1652.93505859375,5396997823.0,43.12,21.946816010992748,SKIPPED
1218,2023-08-26,38,1652.92724609375,1654.7777099609375,1643.712646484375,1646.3067626953125,2423247747.0,43.76,21.13970581841795,SKIPPED
1219,2023-08-27,38,1646.27197265625,1659.26708984375,1645.90283203125,1657.5130615234375,2624065031.0,43.19,24.22245088881057,SKIPPED
1220,2023-08-28,39,1657.4398193359375,1659.3287353515625,1627.44677734375,1652.4573974609375,4855588534.0,44.86,22.82133996153621,SKIPPED
1221,2023-08-29,39,1652.274169921875,1742.6373291015625,1639.576171875,1729.7257080078125,11304916729.0,41.38,38.22400651145952,SKIPPED
1222,2023-08-30,49,1729.6766357421875,1730.564697265625,1697.147216796875,1705.1121826171875,5023904190.0,41.52,37.917180581585434,PROFITABLE
1223,2023-08-31,52,1705.364501953125,1720.011962890625,1634.8509521484375,1645.63916015625,6593153505.0,38.13,44.46280053462782,PROFITABLE
1224,2023-09-01,40,1645.581298828125,1653.53173828125,1603.0341796875,1628.4912109375,6104510092.0,38.23,45.336831005332805,PROFITABLE
1225,2023-09-02,39,1628.5596923828125,1644.0306396484375,1627.97607421875,1637.025390625,2943590996.0,40.36,45.33798151904187,PROFITABLE
1226,2023-09-03,40,1637.0435791015625,1645.6451416015625,1626.0892333984375,1636.11767578125,3151878318.0,40.31,42.69383930662919,PROFITABLE
1227,2023-09-04,40,1635.7247314453125,1642.6531982421875,1618.523681640625,1629.6552734375,3887968912.0,39.68,44.166508901728854,PROFITABLE
1228,2023-09-05,40,1629.9110107421875,1645.9483642578125,1610.1412353515625,1633.62939453125,4417491902.0,39.86,49.955087001228236,PROFITABLE
1229,2023-09-06,42,1633.912109375,1656.9327392578125,1611.147705078125,1632.2523193359375,4987397046.0,40.42,40.55735401471484,PROFITABLE
1230,2023-09-07,41,1632.2628173828125,1657.3037109375,1623.220458984375,1647.5982666015625,4907290296.0,40.54,47.480385616268066,PROFITABLE
1231,2023-09-08,46,1647.8076171875,1657.1363525390625,1617.7965087890625,1636.1378173828125,4598495496.0,39.01,46.63321156721074,PROFITABLE
1232,2023-09-09,41,1636.0504150390625,1636.8707275390625,1629.660888671875,1635.162353515625,2081625742.0,41.71,47.71445609337346,PROFITABLE
1233,2023-09-10,40,1635.211669921875,1635.43310546875,1604.04052734375,1616.828857421875,4339499949.0,44.53,41.89329411713197,PROFITABLE
1234,2023-09-11,40,1616.769775390625,1618.3057861328125,1533.4267578125,1551.6376953125,7693700923.0,41.78,33.794422274484816,PROFITABLE
1235,2023-09-12,30,1551.497802734375,1619.114013671875,1549.4937744140625,1592.429443359375,6813819740.0,42.09,24.999611012048845,PROFITABLE
1236,2023-09-13,41,1592.892333984375,1615.05029296875,1582.217529296875,1607.988525390625,4979469106.0,42.39,31.711621590683933,SKIPPED
1237,2023-09-23,47,1593.213134765625,1598.001708984375,1588.3289794921875,1593.8577880859375,2101436678.0,37.45,38.24174288962967,PROFITABLE
1238,2023-09-24,44,1593.82568359375,1600.207275390625,1576.7833251953125,1580.8533935546875,3086456944.0,37.73,38.97517607275131,PROFITABLE
1239,2023-09-25,47,1580.7474365234375,1595.8441162109375,1565.0255126953125,1588.3228759765625,4394930984.0,38.05,38.67295273580851,PROFITABLE
1240,2023-09-26,46,1588.023193359375,1598.0977783203125,1580.16552734375,1593.417236328125,3544861160.0,37.63,40.25859956333824,PROFITABLE
1241,2023-09-27,44,1593.1082763671875,1631.9107666015625,1585.368896484375,1597.4912109375,5533036096.0,39.81,42.58145566633669,PROFITABLE
1242,2023-09-28,46,1597.6719970703125,1666.024169921875,1597.294677734375,1652.8826904296875,6658092168.0,37.79,53.58936955101873,PROFITABLE
1243,2023-09-29,48,1652.9998779296875,1687.28125,1648.656494140625,1667.94384765625,5529687537.0,37.11,56.33091328758848,PROFITABLE
1244,2023-09-30,47,1667.83447265625,1692.5311279296875,1666.5638427734375,1671.161865234375,3155292192.0,38.07,54.36759248323289,PROFITABLE
1245,2023-10-01,48,1671.1614990234375,1750.595703125,1670.0821533203125,1733.8104248046875,5054880180.0,42.18,65.21649831163191,PROFITABLE
1246,2023-10-02,50,1732.9840087890625,1743.5635986328125,1646.07763671875,1663.6275634765625,8420552922.0,38.62,53.647978028311265,PROFITABLE
1247,2023-10-03,50,1662.88720703125,1670.3563232421875,1644.4964599609375,1656.6856689453125,4742827302.0,38.39,55.261501492365106,PROFITABLE
1248,2023-10-04,49,1656.7359619140625,1657.2535400390625,1629.4266357421875,1647.838134765625,5127524863.0,37.6,64.918715778203,PROFITABLE
1249,2023-10-05,48,1647.7882080078125,1654.3790283203125,1609.8499755859375,1611.4764404296875,5403759057.0,37.15,52.99494996996087,PROFITABLE
1250,2023-10-06,50,1611.36572265625,1659.60986328125,1611.36572265625,1645.83154296875,4941208729.0,36.96,55.61833795351211,PROFITABLE
1251,2023-10-07,49,1645.8109130859375,1648.1837158203125,1631.158203125,1634.51123046875,2578994988.0,36.67,56.086376311319654,PROFITABLE
1252,2023-10-08,50,1634.6573486328125,1641.182373046875,1618.189208984375,1633.548583984375,3315554175.0,40.01,58.1842856346571,PROFITABLE
1253,2023-10-09,50,1633.454833984375,1635.4478759765625,1553.0069580078125,1579.806640625,7020801716.0,38.93,48.84353615198983,PROFITABLE
1254,2023-10-10,50,1580.112060546875,1593.7413330078125,1553.03173828125,1567.7130126953125,5254966125.0,38.87,46.57460441918309,PROFITABLE
1255,2023-10-11,47,1567.6807861328125,1578.2235107421875,1548.98046875,1566.2547607421875,5416504273.0,41.19,45.808145357948014,UNPROFITABLE
1256,2023-10-12,45,1566.35595703125,1566.878173828125,1523.237548828125,1539.6124267578125,5003930677.0,38.36,33.52844317329759,UNPROFITABLE
1257,2023-10-13,44,1539.432861328125,1571.7506103515625,1537.921142578125,1552.0894775390625,4575141511.0,39.09,33.025091798171005,UNPROFITABLE
1258,2023-10-14,47,1552.2637939453125,1560.3250732421875,1545.73876953125,1555.2568359375,2429214718.0,38.29,33.01514782907353,UNPROFITABLE
1259,2023-10-15,45,1555.0760498046875,1565.7608642578125,1550.5545654296875,1558.06982421875,2923337883.0,37.64,18.7700628257396,UNPROFITABLE
1260,2023-10-16,47,1558.3134765625,1628.15625,1555.9896240234375,1600.5343017578125,8846928526.0,37.79,37.56279242573434,SKIPPED
1261,2023-10-17,52,1600.6356201171875,1601.294677734375,1554.4029541015625,1565.4395751953125,5032686973.0,36.5,33.81013521299056,UNPROFITABLE
1262,2023-10-18,50,1565.3828125,1584.7269287109375,1556.736328125,1563.7498779296875,4354138855.0,36.99,34.69130869397284,UNPROFITABLE
1263,2023-10-19,52,1563.9581298828125,1573.7376708984375,1543.5850830078125,1567.45703125,5035110867.0,39.68,40.90461736826202,UNPROFITABLE
1264,2023-10-20,53,1567.5709228515625,1628.6090087890625,1562.3028564453125,1604.6668701171875,6747486127.0,42.57,41.593639084451745,UNPROFITABLE
1265,2023-10-21,63,1604.822265625,1641.2418212890625,1593.447998046875,1629.304443359375,4212179634.0,41.98,48.99155682404943,UNPROFITABLE
1266,2023-10-22,53,1629.2977294921875,1667.6666259765625,1623.9847412109375,1663.429931640625,5248406817.0,46.71,55.128568279926284,UNPROFITABLE
1267,2023-10-23,53,1674.8492431640625,1794.0704345703125,1663.447998046875,1765.3826904296875,14362295879.0,54.01,77.32810537786492,UNPROFITABLE
1268,2023-10-24,66,1766.0146484375,1852.6844482421875,1758.6900634765625,1784.4375,15888690475.0,54.56,81.27387058509774,SKIPPED
1269,2023-10-25,72,1784.905029296875,1814.4847412109375,1762.1470947265625,1787.3975830078125,9439066475.0,54.19,81.77372836824651,SKIPPED
1270,2023-10-26,71,1787.48193359375,1865.09521484375,1764.0130615234375,1804.039306640625,11196672635.0,48.19,89.11689680341483,SKIPPED
1271,2023-10-27,70,1803.794921875,1804.1358642578125,1751.4400634765625,1780.0452880859375,7493399771.0,48.23,82.6105193894401,SKIPPED
1272,2023-10-28,65,1780.084228515625,1800.6053466796875,1773.4366455078125,1776.6181640625,4226112731.0,50.11,81.64361875884713,SKIPPED
1273,2023-10-29,72,1776.56396484375,1810.4886474609375,1766.052978515625,1795.5460205078125,4358528382.0,53.96,82.45209349995613,SKIPPED
1274,2023-10-30,68,1795.589111328125,1829.24951171875,1779.364501953125,1810.088623046875,7534051038.0,53.62,81.00232860280582,SKIPPED
1275,2023-10-31,66,1810.131591796875,1819.97265625,1784.567626953125,1816.458984375,6477922747.0,55.47,90.58636096826949,SKIPPED
1276,2023-11-01,66,1815.8720703125,1858.3128662109375,1786.4095458984375,1847.0897216796875,10628825648.0,60.62,91.89160507481263,SKIPPED
1277,2023-11-02,72,1847.2598876953125,1873.885009765625,1790.11474609375,1800.6209716796875,9004197724.0,59.47,80.60346250237528,SKIPPED
1278,2023-11-03,65,1800.91650390625,1835.072509765625,1779.635498046875,1832.795166015625,7622864055.0,60.28,80.34362752436401,SKIPPED
1279,2023-11-04,68,1833.368896484375,1867.2613525390625,1825.736572265625,1857.6986083984375,4845080427.0,65.52,80.35752009415836,SKIPPED
1280,2023-11-05,70,1857.3956298828125,1911.608642578125,1848.6201171875,1894.15771484375,8867152645.0,63.69,80.47862215849537,SKIPPED
1281,2023-11-06,74,1894.027099609375,1914.5826416015625,1871.9730224609375,1899.83740234375,8104122602.0,56.56,73.81968067506753,SKIPPED
1282,2023-11-07,68,1900.5997314453125,1907.5614013671875,1852.7908935546875,1888.124267578125,9203228152.0,59.39,68.85948980470904,SKIPPED
1283,2023-11-08,66,1887.1190185546875,1904.5462646484375,1874.545654296875,1889.3223876953125,6751627017.0,66.34,68.65860286178071,PROFITABLE
1284,2023-11-09,69,1888.9403076171875,2130.88525390625,1884.204345703125,2120.56103515625,24709695029.0,67.1,82.44860549432782,PROFITABLE
1285,2023-11-10,70,2121.0673828125,2134.69140625,2068.13427734375,2078.289794921875,14740624457.0,65.04,79.47050957579056,SKIPPED
1286,2023-11-11,70,2078.058349609375,2089.530517578125,2035.0821533203125,2052.7138671875,10228351203.0,62.11,76.13781237894753,SKIPPED
1287,2023-11-12,73,2053.11865234375,2066.00341796875,2019.028076171875,2045.18701171875,7951011698.0,67.53,74.15477840962913,SKIPPED
1288,2023-11-13,72,2045.3544921875,2116.0107421875,2031.9542236328125,2055.265380859375,14322027970.0,66.53,73.92955554263526,SKIPPED
1289,2023-11-14,69,2054.765380859375,2065.06689453125,1939.2803955078125,1979.0526123046875,13087862495.0,65.16,63.96538177078298,SKIPPED
1290,2023-11-15,60,1979.47265625,2061.99169921875,1968.774658203125,2060.408447265625,12626326991.0,67.11,66.85365224655632,PROFITABLE
1291,2023-11-16,70,2059.9658203125,2088.662353515625,1940.57421875,1960.881591796875,14651619483.0,59.32,61.68226461285254,PROFITABLE
1292,2023-11-17,63,1961.8675537109375,1990.050537109375,1910.4454345703125,1961.28076171875,11881648738.0,58.67,59.82096803931096,PROFITABLE
1293,2023-11-18,69,1961.6712646484375,1971.4622802734375,1921.0623779296875,1963.2850341796875,8064677046.0,59.89,58.36341386910915,PROFITABLE
1294,2023-11-19,66,1963.1800537109375,2015.6339111328125,1944.90087890625,2013.2044677734375,7716048818.0,62.79,59.23272020502198,PROFITABLE
1295,2023-11-20,69,2011.8533935546875,2066.409912109375,1996.0443115234375,2022.2391357421875,12866464824.0,60.71,59.443772298770234,PROFITABLE
1296,2023-11-21,71,2022.21728515625,2035.035888671875,1937.0667724609375,1937.0667724609375,13653500841.0,55.76,53.39165069407799,PROFITABLE
1297,2023-11-22,62,1933.5831298828125,2089.51416015625,1933.1629638671875,2064.42529296875,13372200584.0,56.88,60.32842306325912,UNPROFITABLE
1298,2023-11-23,66,2063.905517578125,2088.031982421875,2041.4642333984375,2062.210693359375,7828437946.0,57.18,45.284065392420025,PROFITABLE
1299,2023-11-24,66,2062.411865234375,2132.481201171875,2060.9990234375,2081.152099609375,12141148820.0,57.78,50.24040009268239,UNPROFITABLE
1300,2023-11-25,73,2081.296142578125,2091.3427734375,2067.917236328125,2084.4130859375,5362623390.0,56.51,52.76604547102661,UNPROFITABLE
1301,2023-11-26,73,2084.177490234375,2094.095947265625,2038.6004638671875,2063.2861328125,8054814154.0,54.89,51.54269772954948,PROFITABLE
1302,2023-11-27,66,2062.390869140625,2070.606201171875,1988.120361328125,2027.4173583984375,10574810069.0,53.71,47.726308231639074,UNPROFITABLE
1303,2023-11-28,68,2027.5172119140625,2074.9541015625,1996.814697265625,2049.338134765625,9910633038.0,52.77,56.296805353813966,PROFITABLE
1304,2023-11-29,72,2049.186767578125,2071.994384765625,2020.756591796875,2029.92919921875,8945151861.0,52.78,46.928471821054565,PROFITABLE
1305,2023-11-30,74,2029.3583984375,2054.4443359375,2022.4617919921875,2052.55615234375,8107789163.0,55.19,60.932957933476196,PROFITABLE
1306,2023-12-01,71,2052.0966796875,2109.319091796875,2046.5570068359375,2087.139892578125,10866891430.0,54.65,63.87818338448285,PROFITABLE
1307,2023-12-02,74,2087.66357421875,2182.81787109375,2087.407958984375,2165.7041015625,9130124831.0,60.11,69.09605486598926,PROFITABLE
1308,2023-12-03,73,2165.895751953125,2213.17578125,2151.720947265625,2193.691650390625,8278465782.0,59.19,67.7620237605274,PROFITABLE
1309,2023-12-04,74,2193.663330078125,2273.06982421875,2193.00732421875,2243.2158203125,16149367134.0,58.52,70.14152600814944,PROFITABLE
1310,2023-12-05,75,2243.092529296875,2306.5703125,2191.17626953125,2293.841796875,15383072559.0,59.9,84.70482680365413,SKIPPED
1311,2023-12-06,72,2293.628173828125,2310.713134765625,2225.0810546875,2231.661376953125,12790612571.0,61.59,68.62999951045185,SKIPPED
1312,2023-12-07,72,2233.2177734375,2380.729736328125,2225.050537109375,2357.57958984375,14766891042.0,61.32,75.79465016715562,PROFITABLE
1313,2023-12-08,72,2357.169189453125,2387.514404296875,2340.92041015625,2358.73193359375,12543458699.0,62.41,75.01846182824471,SKIPPED
1314,2023-12-09,73,2358.68603515625,2401.760498046875,2331.666015625,2341.17529296875,10613312823.0,60.65,72.56077391088337,SKIPPED
1315,2023-12-10,74,2341.440185546875,2376.749755859375,2323.40576171875,2352.462646484375,7369608905.0,63.59,75.85598915175149,SKIPPED
1316,2023-12-11,74,2352.49658203125,2354.9140625,2160.358154296875,2224.578857421875,17989249470.0,62.47,65.13783170625044,SKIPPED
1317,2023-12-12,67,2224.39111328125,2242.55126953125,2166.77001953125,2202.0380859375,11391132228.0,61.46,61.71297418182649,PROFITABLE
1318,2023-12-13,65,2202.600341796875,2283.09912109375,2150.75439453125,2260.648681640625,12576395493.0,62.11,66.69357582429463,PROFITABLE
1319,2023-12-14,72,2260.736083984375,2331.6015625,2239.3662109375,2316.5791015625,12608711052.0,59.54,68.22491457476806,PROFITABLE
1320,2023-12-15,70,2316.1103515625,2316.892822265625,2214.26318359375,2219.33740234375,10259157898.0,59.94,58.39878097847447,PROFITABLE
1321,2023-12-16,67,2220.41552734375,2260.809814453125,2213.55078125,2226.926513671875,6866555430.0,61.06,54.27513463843252,PROFITABLE
1322,2023-12-17,73,2226.892578125,2244.366455078125,2195.76171875,2196.481201171875,7410453853.0,62.04,50.19412678963288,PROFITABLE
1323,2023-12-18,65,2195.341796875,2222.019287109375,2120.12744140625,2217.2734375,10366536490.0,62.41,48.119449136284544,PROFITABLE
1324,2023-12-19,73,2218.240966796875,2253.348876953125,2139.723388671875,2177.87255859375,10619179629.0,62.67,41.45437379329303,PROFITABLE
1325,2023-12-20,74,2177.239501953125,2263.3291015625,2161.21875,2201.911376953125,12652290807.0,62.45,47.67719011982326,PROFITABLE
1326,2023-12-21,70,2201.7900390625,2278.12158203125,2184.856689453125,2239.54248046875,12616530536.0,65.36,39.3101902091,PROFITABLE
1327,2023-12-22,74,2239.59814453125,2341.947509765625,2233.53271484375,2326.52490234375,16137246310.0,64.5,47.47566558462682,PROFITABLE
1328,2023-12-23,70,2326.7158203125,2332.072021484375,2270.428955078125,2309.04638671875,7995772945.0,66.11,47.481480460804875,PROFITABLE
1329,2023-12-24,71,2309.626708984375,2325.705078125,2249.984375,2265.692138671875,9450799236.0,64.17,43.523814938235965,PROFITABLE
1330,2023-12-25,73,2265.340576171875,2303.551025390625,2254.574462890625,2272.561767578125,8036302656.0,64.17,54.370778510869016,PROFITABLE
1331,2023-12-26,71,2272.21875,2274.557373046875,2180.225341796875,2231.46533203125,10668581464.0,70.82,52.59288515102468,PROFITABLE
1332,2023-12-27,73,2231.39306640625,2392.608642578125,2215.140380859375,2378.739990234375,14161342927.0,70.69,58.999140461917996,PROFITABLE
1333,2023-12-28,73,2380.20068359375,2445.017578125,2338.703857421875,2347.566162109375,15660799060.0,70.88,52.45395843217959,PROFITABLE
1334,2023-12-29,65,2346.84375,2386.004638671875,2262.975830078125,2300.690673828125,12536968996.0,73.25,57.00110976318469,PROFITABLE
1335,2023-12-30,68,2300.399658203125,2322.021484375,2270.011962890625,2292.0654296875,6888195427.0,71.7,55.59575357870765,PROFITABLE
1336,2023-12-31,67,2291.9453125,2318.512939453125,2261.394287109375,2281.47119140625,6871481744.0,70.38,57.558861885569286,PROFITABLE
1337,2024-01-01,65,2282.870361328125,2352.327880859375,2267.01806640625,2352.327880859375,6906765990.0,72.14,61.02931471398067,PROFITABLE
1338,2024-01-02,71,2352.593505859375,2431.21240234375,2348.892333984375,2355.83642578125,12910543630.0,72.26,65.43860689520793,PROFITABLE
1339,2024-01-03,70,2355.9814453125,2385.11767578125,2113.92529296875,2210.761962890625,19332933581.0,73.14,50.63454566586336,PROFITABLE
1340,2024-01-04,68,2210.529052734375,2294.608154296875,2204.86572265625,2269.0380859375,11044564896.0,72.99,52.05389559123238,UNPROFITABLE
1341,2024-01-05,72,2269.409423828125,2276.7646484375,2209.537109375,2268.647216796875,10860953290.0,76.7,45.417073439490565,PROFITABLE
1342,2024-01-06,70,2269.5400390625,2271.359375,2219.781982421875,2241.624755859375,5970741680.0,76.72,44.74084433977894,PROFITABLE
1343,2024-01-07,71,2242.0126953125,2257.1279296875,2211.5625,2222.865966796875,6490053615.0,73.6,46.526091151489794,PROFITABLE
1344,2024-01-08,71,2222.857666015625,2358.815673828125,2171.99365234375,2333.03271484375,13830287095.0,69.97,54.201153443385714,PROFITABLE
1345,2024-01-09,76,2332.8681640625,2369.6416015625,2243.21923828125,2344.8271484375,14891130716.0,73.29,58.20995329310486,PROFITABLE
1346,2024-01-10,73,2344.923583984375,2626.976806640625,2341.943115234375,2582.103515625,29042100476.0,70.07,63.0295370397889,PROFITABLE
1347,2024-01-11,76,2584.171630859375,2687.779052734375,2567.99365234375,2619.619140625,22575246883.0,65.06,67.28997716348726,UNPROFITABLE
1348,2024-01-12,71,2619.177001953125,2710.421875,2460.925537109375,2524.460205078125,23623839263.0,65.76,63.39905971510772,UNPROFITABLE
1349,2024-01-13,64,2522.933837890625,2589.079833984375,2498.594482421875,2576.597900390625,12250316867.0,66.15,66.19363189936158,PROFITABLE
1350,2024-01-14,60,2578.003662109375,2578.332275390625,2470.42431640625,2472.2412109375,9405587417.0,64.5,59.810300920171606,PROFITABLE
1351,2024-01-15,52,2471.6669921875,2550.76904296875,2470.82080078125,2511.36376953125,9700630000.0,61.7,58.45431644358844,PROFITABLE
1352,2024-01-16,64,2510.627197265625,2613.56689453125,2500.00390625,2587.691162109375,11063317095.0,58.68,61.43968356950863,PROFITABLE
1353,2024-01-17,60,2587.044677734375,2592.737060546875,2508.432861328125,2528.369384765625,10441017520.0,49.2,67.11935967288827,PROFITABLE
1354,2024-01-18,63,2528.59326171875,2546.263916015625,2426.135498046875,2467.018798828125,11900028080.0,49.71,60.636108066023624,PROFITABLE
1355,2024-01-19,51,2468.68896484375,2501.30517578125,2414.7109375,2489.49853515625,11405278376.0,47.43,61.58971892522653,PROFITABLE
1356,2024-01-20,52,2489.84765625,2489.84765625,2456.095703125,2469.589111328125,5297826161.0,45.64,62.05297442204605,PROFITABLE
1357,2024-01-21,56,2469.798583984375,2479.760498046875,2452.377685546875,2453.9130859375,4578471955.0,48.02,62.25591933413886,PROFITABLE
1358,2024-01-22,55,2454.9873046875,2463.447265625,2303.502685546875,2310.826416015625,13923771728.0,53.75,48.86181537425811,PROFITABLE
1359,2024-01-23,50,2310.95166015625,2348.03125,2167.282470703125,2240.68603515625,16182147521.0,48.69,44.96348020752404,PROFITABLE
1360,2024-01-24,48,2241.749755859375,2261.384521484375,2197.65673828125,2233.561767578125,10134722960.0,49.12,28.316636730339454,PROFITABLE
1361,2024-01-25,52,2233.969970703125,2240.380859375,2173.6865234375,2217.710205078125,9302247037.0,46.33,24.303933722333966,SKIPPED
1362,2024-01-26,49,2217.44189453125,2280.3837890625,2196.14013671875,2267.19970703125,9975117607.0,45.34,32.53194677124013,SKIPPED
1363,2024-01-27,55,2267.3193359375,2282.54443359375,2252.38525390625,2267.885986328125,5144367230.0,48.11,27.463745489127575,PROFITABLE
1364,2024-01-28,54,2268.19287109375,2306.898681640625,2242.683837890625,2257.208740234375,7296214994.0,47.5,31.815233140895387,SKIPPED
1365,2024-01-29,55,2256.995361328125,2320.02734375,2237.711669921875,2317.064208984375,8948195551.0,50.47,34.12523861480739,PROFITABLE
1366,2024-01-30,61,2317.435791015625,2388.87060546875,2298.281982421875,2344.49365234375,10173440062.0,49.64,28.404648172083483,UNPROFITABLE
1367,2024-01-31,60,2343.558837890625,2349.611328125,2264.443603515625,2282.54443359375,10807883277.0,47.23,28.272721740807924,SKIPPED
1368,2024-02-01,63,2282.17529296875,2309.842529296875,2243.57177734375,2303.82470703125,8895583113.0,46.42,34.476496317004674,SKIPPED
1369,2024-02-02,63,2303.7060546875,2323.053466796875,2282.230224609375,2308.0380859375,7186143091.0,44.87,32.11751221258561,LIQUIDATED
1370,2024-02-03,60,2307.980224609375,2327.346923828125,2293.5380859375,2296.038330078125,4647754021.0,44.33,32.62613978197133,LIQUIDATED
1371,2024-02-04,60,2296.116943359375,2309.01123046875,2272.304931640625,2289.546142578125,5438100035.0,45.39,33.23729227968363,LIQUIDATED
1372,2024-02-05,60,2289.20556640625,2334.6767578125,2270.06787109375,2298.888916015625,7277068110.0,45.46,48.32588536752048,LIQUIDATED
1373,2024-02-06,64,2298.955078125,2389.826171875,2296.78857421875,2372.201904296875,9520885493.0,46.14,68.28110651312079,LIQUIDATED
1374,2024-02-07,62,2372.2626953125,2442.63623046875,2353.7060546875,2423.7451171875,9660628536.0,48.82,73.53036237176711,LIQUIDATED
1375,2024-02-08,66,2424.080078125,2459.556640625,2414.74951171875,2419.906494140625,9941841732.0,51.86,75.78308481997206,SKIPPED
1376,2024-02-09,72,2419.773681640625,2522.724609375,2419.36279296875,2487.515625,13634203177.0,52.48,76.85273242548067,SKIPPED
1377,2024-02-10,74,2487.650390625,2516.7197265625,2475.857666015625,2501.228271484375,6474444159.0,54.18,77.56512530153006,SKIPPED
1378,2024-02-11,71,2501.1298828125,2537.67919921875,2495.21435546875,2507.570556640625,7347245813.0,57.01,79.88171818670297,SKIPPED
1379,2024-02-12,70,2507.578857421875,2663.8427734375,2473.81201171875,2658.115966796875,13022696866.0,59.93,83.46194825253622,SKIPPED
1380,2024-02-13,79,2659.586181640625,2686.455078125,2599.16943359375,2642.185302734375,18271237044.0,63.07,79.8819665446076,SKIPPED
1381,2024-02-14,74,2641.685302734375,2786.8935546875,2621.025390625,2777.90234375,21448973822.0,65.08,93.30957444901047,SKIPPED
1382,2024-02-15,72,2777.601318359375,2865.845458984375,2764.010498046875,2824.37890625,23734481937.0,62.09,93.59190653027078,SKIPPED
1383,2024-02-16,72,2825.480712890625,2858.450439453125,2760.3310546875,2803.69140625,17057114638.0,62.58,90.39220024320521,SKIPPED
1384,2024-02-17,76,2803.73583984375,2805.128662109375,2724.386962890625,2786.672607421875,17932379943.0,63.54,89.65876269210337,SKIPPED
1385,2024-02-18,72,2786.709716796875,2892.843505859375,2767.9130859375,2878.998046875,23355830478.0,65.32,91.84052598835103,SKIPPED
1386,2024-02-19,75,2881.296875,2983.37060546875,2860.263671875,2943.57470703125,15163110589.0,62.99,92.43380868161157,SKIPPED
1387,2024-02-20,72,2944.1064453125,3031.5244140625,2879.9033203125,3013.503662109375,20341598470.0,62.9,92.39995196299601,SKIPPED
1388,2024-02-21,78,3015.6533203125,3017.1904296875,2875.41845703125,2970.35546875,18897136867.0,64.44,86.54506719386686,SKIPPED
1389,2024-02-22,74,2969.599853515625,3030.666015625,2907.109375,2971.00732421875,18058908246.0,60.67,87.00296671696982,SKIPPED
1390,2024-02-23,76,2970.1396484375,2991.32958984375,2906.583740234375,2921.658203125,12822717059.0,62.26,79.88270405796906,SKIPPED
1391,2024-02-24,72,2921.962890625,3003.195068359375,2907.70068359375,2992.385986328125,10701688842.0,64.42,81.34677339436332,SKIPPED
1392,2024-02-25,74,2992.36669921875,3117.428955078125,2984.39306640625,3112.697265625,14620450464.0,64.88,83.71572892575654,SKIPPED
1393,2024-02-26,72,3112.529052734375,3197.375,3037.95458984375,3178.99365234375,17504464351.0,65.62,82.02853679780536,SKIPPED
1394,2024-02-27,79,3178.405029296875,3287.9580078125,3167.83056640625,3244.519287109375,21090315368.0,72.76,84.90814955509498,SKIPPED
1395,2024-02-28,82,3243.893310546875,3485.450927734375,3201.575927734375,3385.703857421875,32885894265.0,74.77,85.00319021827617,SKIPPED
1396,2024-02-29,80,3386.802734375,3518.96923828125,3303.9052734375,3341.919677734375,28469171094.0,69.17,79.89780418627677,SKIPPED
1397,2024-03-01,80,3341.9658203125,3452.626220703125,3341.85107421875,3435.053955078125,16880101987.0,70.7,83.65604283508902,SKIPPED
1398,2024-03-02,80,3436.1591796875,3459.747314453125,3398.89892578125,3422.0498046875,12024340617.0,78.58,84.01564468312642,SKIPPED
1399,2024-03-03,83,3422.875244140625,3491.16845703125,3372.214111328125,3490.99365234375,13643324467.0,77.92,83.60519744042521,SKIPPED
1400,2024-03-04,82,3489.340087890625,3641.459228515625,3446.017578125,3630.433837890625,26772963830.0,81.1,84.8507168529377,SKIPPED
1401,2024-03-05,90,3631.928955078125,3828.15966796875,3224.119384765625,3554.964599609375,47706899137.0,84.43,77.31972478058722,SKIPPED
1402,2024-03-06,75,3554.06787109375,3901.434326171875,3502.802490234375,3819.226318359375,34938642613.0,79.13,85.0169909664175,SKIPPED
1403,2024-03-07,82,3818.31103515625,3939.593994140625,3738.685302734375,3874.34765625,22457177587.0,78.89,85.66135112274867,SKIPPED
1404,2024-03-08,81,3874.830810546875,3998.826416015625,3828.36328125,3892.06103515625,26135487051.0,78.89,89.2901737843164,SKIPPED
1405,2024-03-09,84,3892.119140625,3950.396484375,3880.658935546875,3915.4189453125,11926623780.0,82.46,88.8629716271771,SKIPPED
1406,2024-03-10,79,3915.590576171875,3968.7236328125,3800.564453125,3881.193115234375,15783924355.0,86.7,84.88524336536712,SKIPPED
1407,2024-03-11,82,3881.23779296875,4087.050048828125,3745.125244140625,4066.445068359375,28806262507.0,77.41,86.35849607298343,SKIPPED
1408,2024-03-12,81,4066.6904296875,4092.2841796875,3831.889892578125,3980.273193359375,26917010932.0,76.35,79.64205059605776,SKIPPED
1409,2024-03-13,81,3980.26513671875,4083.00732421875,3936.627197265625,4006.45703125,22028114691.0,73.13,77.56296834785338,SKIPPED
1410,2024-03-14,88,4005.7451171875,4011.102783203125,3721.78857421875,3883.140380859375,25434810823.0,76.96,72.44618500717479,SKIPPED
1411,2024-03-15,83,3882.85693359375,3928.775634765625,3571.774658203125,3735.22021484375,33505075433.0,75.19,61.90774863075724,SKIPPED
1412,2024-03-16,81,3736.10498046875,3780.89453125,3468.079345703125,3522.860107421875,20199855932.0,77.83,53.45302719294769,PROFITABLE
1413,2024-03-17,79,3523.02978515625,3676.263427734375,3414.17236328125,3642.4130859375,19938757095.0,77.32,55.012736038608665,PROFITABLE
1414,2024-03-18,77,3642.298828125,3642.4970703125,3456.09130859375,3517.985107421875,21162220224.0,81.99,46.240015334147934,PROFITABLE
1415,2024-03-19,79,3518.34765625,3546.582275390625,3149.286865234375,3157.6181640625,34166976701.0,85.78,38.840042003156135,PROFITABLE
1416,2024-03-20,74,3158.396728515625,3534.826416015625,3059.65478515625,3513.39306640625,36605316331.0,79.33,41.83026766115306,PROFITABLE
1417,2024-03-21,78,3514.017578125,3586.905029296875,3412.22265625,3492.9912109375,22213647922.0,79.91,39.62027839871566,PROFITABLE
1418,2024-03-22,75,3492.89794921875,3541.898193359375,3254.96923828125,3333.68798828125,20574952329.0,79.52,35.889809155803036,PROFITABLE
1419,2024-03-23,73,3335.592529296875,3433.758056640625,3273.115478515625,3336.593994140625,13242137554.0,80.94,35.22021494292039,PROFITABLE
1420,2024-03-24,74,3336.666015625,3470.344482421875,3301.27734375,3454.636474609375,12156660941.0,81.17,39.55532275763353,PROFITABLE
1421,2024-03-25,75,3454.8857421875,3657.118896484375,3421.79052734375,3590.8837890625,18603921705.0,80.38,38.06906848526031,PROFITABLE
1422,2024-03-26,81,3591.085205078125,3678.789794921875,3545.4287109375,3587.5048828125,18505553577.0,79.41,39.71909396479677,PROFITABLE
1423,2024-03-27,83,3587.313720703125,3664.383056640625,3460.3935546875,3500.115234375,18753082145.0,81.73,37.157741172857314,PROFITABLE
1424,2024-03-28,80,3500.216064453125,3609.705322265625,3465.332275390625,3561.2939453125,16419674157.0,80.79,41.5713963658395,PROFITABLE
1425,2024-03-29,79,3561.01171875,3583.701416015625,3475.7255859375,3511.80615234375,12712701619.0,79.78,43.83113162343197,PROFITABLE
1426,2024-03-30,75,3511.82763671875,3566.08447265625,3489.902099609375,3507.9443359375,9389066783.0,82.02,49.534557195108114,PROFITABLE
1427,2024-03-31,75,3507.95166015625,3655.218994140625,3507.24267578125,3647.8564453125,10499881424.0,80.31,50.16772747625215,UNPROFITABLE
1428,2024-04-01,79,3647.819580078125,3648.129150390625,3418.6953125,3505.030029296875,16002098681.0,79.78,49.60528758723781,UNPROFITABLE
1429,2024-04-02,79,3504.818359375,3506.962890625,3215.985107421875,3277.234619140625,22076539151.0,79.62,53.964730937491055,PROFITABLE
1430,2024-04-03,71,3277.32421875,3368.111572265625,3205.649169921875,3311.44189453125,16010734587.0,74.7,41.49277351840981,PROFITABLE
1431,2024-04-04,70,3311.495361328125,3443.20751953125,3253.3193359375,3330.04052734375,14476330517.0,75.03,43.12523123752141,PROFITABLE
1432,2024-04-05,79,3330.005859375,3345.66650390625,3214.244140625,3318.88525390625,15214447092.0,74.42,49.28626284343127,PROFITABLE
1433,2024-04-06,75,3318.86474609375,3397.592529296875,3308.9833984375,3354.183837890625,8956926798.0,78.78,50.822431579327066,PROFITABLE
1434,2024-04-07,78,3354.2138671875,3458.50830078125,3346.11474609375,3453.49462890625,9931108526.0,81.99,49.945659965929714,PROFITABLE
1435,2024-04-08,76,3453.498779296875,3727.616455078125,3409.51171875,3695.292724609375,19055143129.0,79.66,54.515178344999455,PROFITABLE
1436,2024-04-09,80,3695.341796875,3724.92236328125,3455.107666015625,3505.163330078125,18279773833.0,75.94,46.93430299980566,UNPROFITABLE
1437,2024-04-10,78,3505.156005859375,3561.516357421875,3415.180419921875,3543.737060546875,16872482726.0,73.38,51.6853673983021,PROFITABLE
1438,2024-04-11,76,3543.4521484375,3616.1943359375,3477.171142578125,3505.247802734375,14076734489.0,71.32,47.79596596437254,PROFITABLE
1439,2024-04-12,79,3505.329833984375,3552.589111328125,3103.43017578125,3243.034912109375,22104869556.0,71.23,40.945400506879324,PROFITABLE
1440,2024-04-13,72,3242.94091796875,3299.663818359375,2862.3935546875,3004.900390625,29930408174.0,82.12,35.36337469490279,PROFITABLE
1441,2024-04-14,72,3005.547607421875,3174.66650390625,2914.4228515625,3156.94189453125,25486284994.0,74.91,35.81640596454331,PROFITABLE
1442,2024-04-15,74,3156.830078125,3277.5615234375,3026.538818359375,3101.600341796875,21925843181.0,79.05,37.72342217422547,PROFITABLE
1443,2024-04-16,65,3101.140625,3127.160888671875,2997.754638671875,3084.920166015625,19441391169.0,77.57,43.28497707556029,PROFITABLE
1444,2024-04-17,67,3084.923583984375,3123.669677734375,2918.5537109375,2984.7275390625,17711869375.0,76.84,39.094668650271075,PROFITABLE
1445,2024-04-18,57,2984.705322265625,3094.842041015625,2956.12744140625,3066.027587890625,15183777035.0,78.56,41.541616940090485,PROFITABLE
1446,2024-04-19,66,3065.953125,3127.114990234375,2868.7958984375,3059.278564453125,20399982867.0,75.93,41.659234605121824,PROFITABLE
1447,2024-04-20,66,3059.47802734375,3170.6728515625,3021.784912109375,3157.627197265625,9918642130.0,78.15,43.930822948613994,PROFITABLE
1448,2024-04-21,72,3157.571044921875,3197.50634765625,3119.552001953125,3147.28857421875,9394387894.0,77.28,39.995424547145035,PROFITABLE
1449,2024-04-22,73,3147.66357421875,3236.6591796875,3131.367431640625,3201.652099609375,12063858733.0,75.76,31.620289064630484,PROFITABLE
1450,2024-04-23,71,3201.588623046875,3264.41943359375,3154.58984375,3219.91162109375,11054442653.0,70.58,37.82043276783319,PROFITABLE
1451,2024-04-24,72,3219.95703125,3292.921630859375,3105.982177734375,3139.80517578125,14000234760.0,66.03,33.34381661320664,PROFITABLE
1452,2024-04-25,72,3139.624267578125,3190.976318359375,3074.8046875,3156.509521484375,13989030260.0,67.27,35.35664844934031,PROFITABLE
1453,2024-04-26,70,3156.384033203125,3166.188720703125,3103.10400390625,3130.164794921875,10622333862.0,68.56,44.089983565532826,PROFITABLE
1454,2024-04-27,67,3129.72705078125,3279.451171875,3071.340087890625,3252.168212890625,11820785577.0,65.41,64.73983290929525,PROFITABLE
1455,2024-04-28,65,3252.24560546875,3351.176513671875,3249.149169921875,3262.774658203125,11379192678.0,64.16,57.58832840096335,PROFITABLE
1456,2024-04-29,67,3262.3408203125,3285.46875,3116.199951171875,3215.428955078125,15032246816.0,75.25,58.25630854775017,PROFITABLE
1457,2024-04-30,67,3215.381103515625,3249.37841796875,2918.228759765625,3012.286865234375,18266894653.0,73.91,45.853341428562665,PROFITABLE
1458,2024-05-01,54,3011.015625,3020.17333984375,2815.92333984375,2969.78466796875,20005057445.0,68.84,49.086749678752426,PROFITABLE
1459,2024-05-02,43,2969.79443359375,3015.05029296875,2894.329833984375,2988.16845703125,13163903903.0,67.21,44.845121364190206,PROFITABLE
1460,2024-05-03,48,2988.134521484375,3127.1552734375,2960.18212890625,3103.5419921875,12862183229.0,72.43,52.56206583029484,PROFITABLE
1461,2024-05-04,67,3103.61962890625,3167.541259765625,3096.267578125,3117.576416015625,8283229638.0,72.78,47.43102439562174,PROFITABLE
1462,2024-05-05,69,3117.636962890625,3170.05517578125,3075.586181640625,3137.2490234375,8783447639.0,71.7,49.36365324502491,PROFITABLE
1463,2024-05-06,71,3137.51025390625,3220.15234375,3048.238525390625,3062.728759765625,13008587255.0,67.55,41.413879870668765,PROFITABLE
1464,2024-05-07,68,3062.7509765625,3129.081298828125,3003.013671875,3006.5771484375,11743187337.0,66.0,37.40485368713943,UNPROFITABLE
1465,2024-05-08,64,3006.315673828125,3037.196044921875,2938.47265625,2973.6572265625,11791662158.0,65.16,39.611923585110716,LIQUIDATED
1466,2024-05-09,55,2973.9716796875,3057.958251953125,2951.223876953125,3036.0205078125,10861947179.0,65.32,42.873542537697716,LIQUIDATED
1467,2024-05-10,66,3036.231201171875,3052.7294921875,2881.000732421875,2909.791259765625,12278653601.0,63.34,38.34309036406906,LIQUIDATED
1468,2024-05-11,53,2909.845458984375,2942.1787109375,2888.083251953125,2911.60205078125,6795916454.0,66.63,29.361025190942016,LIQUIDATED
1469,2024-05-12,56,2911.658203125,2953.04736328125,2902.201904296875,2928.701904296875,5908941395.0,67.45,29.912631318727463,SKIPPED
1470,2024-05-13,57,2928.81396484375,2994.869140625,2865.134521484375,2949.359619140625,13352264795.0,66.49,33.47110696961093,SKIPPED
1471,2024-05-14,66,2949.213134765625,2959.546630859375,2863.5458984375,2881.157958984375,12444516140.0,65.76,40.2131052669173,LIQUIDATED
1472,2024-05-15,64,2881.224609375,3041.602294921875,2864.7353515625,3037.056640625,14666902956.0,65.4,54.29404313834515,LIQUIDATED
1473,2024-05-16,70,3036.01416015625,3041.80712890625,2925.08740234375,2945.131103515625,13035465176.0,68.27,47.48865642171186,LIQUIDATED
1474,2024-05-17,74,2945.136962890625,3120.3017578125,2934.112548828125,3094.11865234375,14449438097.0,67.01,49.47088017748641,LIQUIDATED
1475,2024-05-18,73,3094.553466796875,3146.79052734375,3087.704345703125,3122.948974609375,9407051320.0,69.03,50.29673822580584,LIQUIDATED
1476,2024-05-19,72,3122.82470703125,3137.1484375,3056.75439453125,3071.843017578125,8747800800.0,72.4,46.508709362887636,LIQUIDATED
1477,2024-05-20,70,3071.85888671875,3690.805908203125,3050.2978515625,3663.85546875,31228143948.0,81.14,70.66871645719104,LIQUIDATED
1478,2024-05-21,76,3663.01123046875,3837.372802734375,3628.096435546875,3789.312744140625,37643853967.0,81.41,75.68872564062666,SKIPPED
1479,2024-05-22,76,3789.372802734375,3810.948486328125,3655.0751953125,3737.2177734375,25155809461.0,81.34,74.74793465466058,SKIPPED
1480,2024-05-23,76,3737.178466796875,3943.553955078125,3552.642578125,3776.92724609375,45623656317.0,68.69,74.37158770114013,SKIPPED
1481,2024-05-24,74,3776.992431640625,3825.12255859375,3631.990234375,3726.9345703125,22257061429.0,69.91,78.29865112501507,SKIPPED
1482,2024-05-25,76,3726.9755859375,3776.006591796875,3710.5283203125,3749.236572265625,10000027764.0,72.88,78.60234174075788,SKIPPED
1483,2024-05-26,75,3749.179931640625,3879.470703125,3732.02294921875,3825.8974609375,14650794791.0,71.78,79.43869532944643,SKIPPED
1484,2024-05-27,74,3826.127197265625,3973.556396484375,3821.930419921875,3892.0068359375,18949181813.0,69.93,80.03421695766534,SKIPPED
1485,2024-05-28,72,3892.096923828125,3924.895751953125,3771.2138671875,3840.25634765625,19846044324.0,70.06,80.88212057594282,SKIPPED
1486,2024-05-29,72,3840.235107421875,3880.6484375,3742.041259765625,3763.196533203125,17411416736.0,68.88,74.63163140896586,SKIPPED
1487,2024-05-30,73,3763.357666015625,3823.643310546875,3702.263671875,3746.849609375,15065849797.0,68.81,78.66515105197708,SKIPPED
1488,2024-05-31,73,3746.861572265625,3843.857666015625,3723.835205078125,3760.026611328125,15290700646.0,70.93,76.37030277963567,SKIPPED
1489,2024-06-01,72,3759.88427734375,3829.294677734375,3749.840087890625,3813.198974609375,8661024535.0,70.66,76.81724657459924,SKIPPED
1490,2024-06-02,73,3813.275634765625,3834.911865234375,3752.41455078125,3780.89599609375,11126903059.0,69.48,77.95622424960106,SKIPPED
1491,2024-06-03,73,3780.854248046875,3848.60302734375,3758.919921875,3766.38916015625,14082454300.0,68.61,57.42305949292899,SKIPPED
1492,2024-06-04,73,3766.476318359375,3831.364990234375,3738.13427734375,3812.515869140625,13331489271.0,70.15,51.89781208465392,PROFITABLE
1493,2024-06-05,75,3812.560791015625,3887.48583984375,3778.65576171875,3864.260986328125,15480034434.0,66.37,60.396970553082255,PROFITABLE
1494,2024-06-06,78,3864.263427734375,3878.05224609375,3761.775390625,3811.60595703125,13606583873.0,64.34,52.77915170563578,PROFITABLE
1495,2024-06-07,77,3811.666015625,3838.4521484375,3615.2802734375,3678.629150390625,18220286186.0,64.14,46.5832547900468,PROFITABLE
1496,2024-06-08,72,3677.400390625,3707.497314453125,3669.637939453125,3680.949951171875,9096091805.0,64.79,45.02944283242607,PROFITABLE
1497,2024-06-09,75,3680.93603515625,3719.36767578125,3668.12353515625,3705.90380859375,7910768788.0,64.79,40.55471681868986,PROFITABLE
1498,2024-06-10,72,3705.877197265625,3711.4287109375,3648.16455078125,3666.717529296875,10377300126.0,66.63,31.481477765170567,PROFITABLE
1499,2024-06-11,74,3666.35888671875,3669.890869140625,3434.7490234375,3498.33056640625,19184721538.0,67.09,26.41622733190941,PROFITABLE
1500,2024-06-12,72,3497.89697265625,3652.4921875,3463.784912109375,3559.61767578125,17142905351.0,62.88,35.64617095925611,PROFITABLE
1501,2024-06-13,70,3559.725341796875,3559.725341796875,3431.33349609375,3469.28125,14472382154.0,60.46,32.27836736271705,PROFITABLE
1502,2024-06-14,74,3467.969970703125,3528.602294921875,3366.223876953125,3480.27197265625,15793876596.0,64.94,32.0887793187554,PROFITABLE
1503,2024-06-15,74,3479.78564453125,3589.887451171875,3473.45263671875,3565.549560546875,12733651076.0,65.81,34.77040572735031,PROFITABLE
1504,2024-06-16,71,3566.761962890625,3648.093017578125,3541.534423828125,3620.5634765625,9878388158.0,64.74,40.40802853395417,PROFITABLE
1505,2024-06-17,71,3622.383544921875,3634.285400390625,3468.14892578125,3511.37890625,17838856988.0,66.86,36.29628269077875,PROFITABLE
1506,2024-06-18,74,3510.565185546875,3514.17724609375,3371.59033203125,3483.681396484375,21022514455.0,68.76,31.972045216784224,PROFITABLE
1507,2024-06-19,64,3482.350830078125,3583.320068359375,3466.48095703125,3559.347412109375,15275373778.0,68.95,33.71072604643592,PROFITABLE
1508,2024-06-20,60,3559.347412109375,3623.886474609375,3485.4599609375,3511.0869140625,16115123753.0,64.67,33.8697562417706,PROFITABLE
1509,2024-06-21,63,3511.268310546875,3542.957275390625,3447.935546875,3516.07568359375,15933353456.0,64.96,39.885305247550775,PROFITABLE
1510,2024-06-22,53,3516.55126953125,3519.49755859375,3477.169921875,3494.8134765625,7423703673.0,66.95,38.68460866940206,PROFITABLE
1511,2024-06-23,55,3494.953857421875,3519.324951171875,3408.5830078125,3418.61181640625,9418141333.0,66.38,33.559645024644865,PROFITABLE
1512,2024-06-24,51,3418.783203125,3430.698974609375,3244.241455078125,3350.25634765625,23137744903.0,64.96,32.47547465509311,PROFITABLE
