date,volatility
2020-04-14,105.48
2020-04-15,103.27
2020-04-16,102.55
2020-04-17,99.87
2020-04-18,101.69
2020-04-19,99.97
2020-04-20,102.54
2020-04-21,95.87
2020-04-22,96.44
2020-04-23,94.66
2020-04-24,88.25
2020-04-25,90.54
2020-04-26,91.7
2020-04-27,95.82
2020-04-28,95.17
2020-04-29,105.52
2020-04-30,98.41
2020-05-01,95.33
2020-05-02,95.9
2020-05-03,102.41
2020-05-04,100.06
2020-05-05,95.23
2020-05-06,96.42
2020-05-07,94.15
2020-05-08,93.85
2020-05-09,112.85
2020-05-10,111.55
2020-05-11,96.94
2020-05-12,96.77
2020-05-13,99.58
2020-05-14,101.44
2020-05-15,91.65
2020-05-16,97.52
2020-05-17,99.74
2020-05-18,95.95
2020-05-19,88.99
2020-05-20,89.65
2020-05-21,90.15
2020-05-22,85.86
2020-05-23,87.3
2020-06-03,82.06
2020-06-04,74.73
2020-06-05,74.33
2020-06-06,74.62
2020-06-07,72.71
2020-06-08,72.65
2020-06-09,75.9
2020-06-10,79.15
2020-06-11,73.57
2020-06-12,72.39
2020-06-13,73.83
2020-06-14,77.4
2020-06-15,76.06
2020-06-16,74.96
2020-06-17,73.63
2020-06-18,70.95
2020-06-20,70.81
2020-06-21,69.03
2020-06-22,69.85
2020-06-23,73.68
2020-06-24,70.91
2020-06-25,64.8
2020-06-26,60.71
2020-06-27,57.39
2020-06-28,56.49
2020-06-29,55.44
2020-06-30,55.31
2020-07-01,54.82
2020-07-02,49.87
2020-07-03,52.0
2020-07-04,55.99
2020-07-05,59.05
2020-07-06,61.7
2020-07-07,63.89
2020-07-08,66.29
2020-07-09,60.87
2020-07-10,62.78
2020-07-11,63.41
2020-07-12,65.95
2020-07-13,62.35
2020-07-14,63.78
2020-07-15,63.33
2020-07-16,59.2
2020-07-17,58.74
2020-07-18,61.02
2020-07-19,59.16
2020-07-20,61.27
2020-07-21,60.87
2020-07-22,68.74
2020-07-23,63.86
2020-07-24,64.35
2020-07-25,63.86
2020-07-26,76.19
2020-07-27,71.97
2020-07-28,71.47
2020-07-29,76.94
2020-07-30,81.91
2020-07-31,84.91
2020-08-01,109.2
2020-08-02,97.96
2020-08-03,96.01
2020-08-04,97.29
2020-08-05,96.05
2020-08-06,95.9
2020-08-07,93.13
2020-08-08,90.37
2020-08-09,91.7
2020-08-10,91.83
2020-08-11,87.62
2020-08-12,84.81
2020-08-13,109.82
2020-08-14,108.14
2020-08-15,112.51
2020-08-16,113.02
2020-08-17,111.37
2020-08-18,102.34
2020-08-19,96.03
2020-08-20,95.16
2020-08-21,104.66
2020-08-22,102.8
2020-08-23,96.01
2020-08-24,96.61
2020-08-25,94.68
2020-08-26,90.72
2020-08-27,86.79
2020-08-28,84.19
2020-08-29,78.68
2020-08-30,83.22
2020-08-31,97.83
2020-09-01,85.82
2020-09-02,89.72
2020-09-03,90.01
2020-09-04,101.62
2020-09-05,106.03
2020-09-06,108.39
2020-09-07,114.13
2020-09-08,110.18
2020-09-09,103.8
2020-09-10,101.73
2020-09-11,87.92
2020-09-12,90.49
2020-09-13,86.75
2020-09-14,89.16
2020-09-15,85.86
2020-09-16,82.22
2020-09-17,74.33
2020-09-18,72.55
2020-09-19,69.71
2020-09-20,81.46
2020-09-21,80.86
2020-09-22,74.93
2020-09-23,81.8
2020-09-24,65.44
2020-09-25,66.87
2020-09-26,67.78
2020-09-27,68.13
2020-09-28,66.01
2020-09-29,65.84
2020-09-30,70.88
2020-10-01,69.48
2020-10-02,67.68
2020-10-03,68.43
2020-10-04,72.12
2020-10-05,70.77
2020-10-06,72.7
2020-10-07,72.09
2020-10-08,70.22
2020-10-09,71.27
2020-10-10,71.46
2020-10-11,72.41
2020-10-12,79.16
2020-10-13,76.83
2020-10-14,74.52
2020-10-15,72.93
2020-10-16,67.64
2020-10-17,65.71
2020-10-18,66.26
2020-10-19,66.9
2020-10-20,76.75
2020-10-21,79.84
2020-10-22,76.46
2020-10-23,74.08
2020-10-24,73.57
2020-10-25,67.47
2020-10-26,71.9
2020-10-27,74.25
2020-10-28,71.75
2020-10-29,67.38
2020-10-30,70.23
2020-10-31,72.03
2020-11-01,73.93
2020-11-02,73.66
2020-11-03,70.7
2020-11-04,77.74
2020-11-05,85.43
2020-11-06,86.39
2020-11-07,86.16
2020-11-08,82.75
2020-11-09,78.48
2020-11-10,79.78
2020-11-11,77.52
2020-11-12,78.98
2020-11-13,81.55
2020-11-14,79.1
2020-11-15,78.09
2020-11-16,82.75
2020-11-17,89.25
2020-11-18,85.35
2020-11-19,95.99
2020-11-20,103.16
2020-11-21,109.78
2020-11-22,120.69
2020-11-23,118.7
2020-11-24,114.48
2020-11-25,101.46
2020-11-26,103.29
2020-11-27,99.19
2020-11-28,95.87
2020-11-29,110.86
2020-11-30,107.78
2020-12-01,105.16
2020-12-02,101.81
2020-12-03,100.38
2020-12-04,99.67
2020-12-05,98.08
2020-12-06,95.82
2020-12-07,93.44
2020-12-08,92.85
2020-12-09,90.83
2020-12-10,93.3
2020-12-11,89.55
2020-12-12,95.0
2020-12-13,92.1
2020-12-14,88.44
2020-12-15,93.59
2020-12-16,111.66
2020-12-17,101.31
2020-12-18,100.8
2020-12-19,100.35
2020-12-20,99.22
2020-12-21,100.89
2020-12-22,102.2
2020-12-23,100.26
2020-12-24,96.48
2020-12-25,98.58
2020-12-26,105.24
2020-12-27,107.56
2020-12-28,107.19
2020-12-29,105.66
2020-12-30,109.93
2020-12-31,104.22
2021-01-01,107.25
2021-01-02,116.27
2021-01-03,152.91
2021-01-04,152.36
2021-01-05,175.89
2021-01-06,188.08
2021-01-07,186.33
2021-01-08,182.39
2021-01-09,193.2
2021-01-10,183.99
2021-01-11,201.19
2021-01-12,181.44
2021-01-13,193.75
2021-01-14,203.57
2021-01-15,203.34
2021-01-16,195.14
2021-01-17,190.68
2021-01-18,201.14
2021-01-19,196.14
2021-01-20,170.24
2021-01-21,168.11
2021-01-22,169.86
2021-01-23,172.73
2021-01-24,179.32
2021-01-25,168.16
2021-01-26,173.86
2021-01-27,175.36
2021-01-28,185.61
2021-01-29,160.57
2021-01-30,160.51
2021-01-31,158.03
2021-02-01,175.7
2021-02-02,168.15
2021-02-03,165.81
2021-02-04,155.06
2021-02-05,145.45
2021-02-06,149.75
2021-02-07,145.72
2021-02-08,145.13
2021-02-09,143.48
2021-02-10,144.38
2021-02-11,142.2
2021-02-12,136.11
2021-02-13,136.11
2021-02-14,136.14
2021-02-15,140.01
2021-02-16,133.26
2021-02-17,139.19
2021-02-18,134.51
2021-02-19,138.32
2021-02-20,137.43
2021-02-21,142.84
2021-02-22,161.49
2021-02-23,149.59
2021-02-24,144.83
2021-02-25,137.85
2021-02-26,137.6
2021-02-27,145.24
2021-02-28,138.95
2021-03-01,137.37
2021-03-02,129.97
2021-03-03,132.17
2021-03-04,130.28
2021-03-05,123.5
2021-03-06,126.03
2021-03-07,122.15
2021-03-08,122.7
2021-03-09,123.66
2021-03-10,124.94
2021-03-11,121.12
2021-03-12,120.68
2021-03-13,123.52
2021-03-14,124.67
2021-03-15,122.88
2021-03-16,121.3
2021-03-17,116.71
2021-03-18,112.45
2021-03-19,109.92
2021-03-20,107.2
2021-03-21,102.66
2021-03-22,96.0
2021-03-23,96.58
2021-03-24,107.93
2021-03-25,86.87
2021-03-26,88.97
2021-03-27,86.72
2021-03-28,92.71
2021-03-29,97.52
2021-03-30,96.22
2021-03-31,93.8
2021-04-01,97.31
2021-04-02,100.07
2021-04-03,98.49
2021-04-04,96.51
2021-04-05,97.03
2021-04-06,95.56
2021-04-07,92.01
2021-04-08,89.81
2021-04-09,95.96
2021-04-10,97.49
2021-04-11,101.77
2021-04-12,105.78
2021-04-13,98.21
2021-04-14,94.11
2021-04-15,90.46
2021-04-16,84.42
2021-04-17,102.93
2021-04-18,99.22
2021-04-19,96.65
2021-04-20,94.14
2021-04-21,87.29
2021-04-22,100.83
2021-04-23,101.72
2021-04-24,102.16
2021-04-25,91.13
2021-04-26,93.4
2021-04-27,90.06
2021-04-28,92.13
2021-04-29,95.89
2021-04-30,92.39
2021-05-01,98.41
2021-05-02,106.08
2021-05-03,122.88
2021-05-04,117.89
2021-05-05,119.91
2021-05-06,113.9
2021-05-07,121.78
2021-05-08,119.73
2021-05-09,122.93
2021-05-10,128.78
2021-05-11,127.09
2021-05-12,126.9
2021-05-13,123.13
2021-05-14,129.13
2021-05-15,127.42
2021-05-16,134.84
2021-05-17,129.33
2021-05-18,217.99
2021-05-19,178.2
2021-05-20,173.82
2021-05-21,186.34
2021-05-22,207.55
2021-05-23,164.63
2021-05-24,162.98
2021-05-25,160.24
2021-05-26,150.18
2021-05-27,154.49
2021-05-28,162.44
2021-05-29,155.38
2021-05-30,143.51
2021-05-31,149.54
2021-06-01,146.31
2021-06-02,139.68
2021-06-03,140.27
2021-06-04,141.59
2021-06-05,138.27
2021-06-06,132.52
2021-06-07,145.06
2021-06-08,136.84
2021-06-09,130.0
2021-06-10,126.34
2021-06-11,123.91
2021-06-12,122.89
2021-06-13,121.56
2021-06-14,111.55
2021-06-15,112.23
2021-06-16,109.87
2021-06-17,113.17
2021-06-18,103.57
2021-06-19,109.74
2021-06-20,123.03
2021-06-21,130.47
2021-06-22,121.02
2021-06-23,117.75
2021-06-24,116.77
2021-06-25,121.44
2021-06-26,117.13
2021-06-27,116.7
2021-06-28,111.7
2021-06-29,115.74
2021-06-30,116.93
2021-07-01,108.97
2021-07-02,107.09
2021-07-03,103.48
2021-07-04,102.8
2021-07-05,106.02
2021-07-06,106.84
2021-07-07,108.8
2021-07-08,104.61
2021-07-09,105.01
2021-07-10,104.79
2021-07-11,104.33
2021-07-12,103.4
2021-07-13,103.47
2021-07-14,105.22
2021-07-15,101.79
2021-07-16,102.63
2021-07-17,103.65
2021-07-18,106.98
2021-07-19,111.35
2021-07-20,110.22
2021-07-21,108.51
2021-07-22,101.99
2021-07-23,104.19
2021-07-24,105.08
2021-07-25,107.79
2021-07-26,109.11
2021-07-27,112.68
2021-07-28,113.34
2021-07-29,103.3
2021-07-30,105.27
2021-07-31,109.23
2021-08-01,110.19
2021-08-02,111.79
2021-08-03,115.84
2021-08-04,121.08
2021-08-05,116.95
2021-08-06,122.22
2021-08-07,122.59
2021-08-08,132.38
2021-08-09,134.0
2021-08-10,133.0
2021-08-11,125.73
2021-08-12,123.78
2021-08-13,121.73
2021-08-14,120.14
2021-08-15,120.53
2021-08-16,118.48
2021-08-17,118.68
2021-08-18,116.69
2021-08-19,118.3
2021-08-20,113.85
2021-08-21,109.93
2021-08-22,112.66
2021-08-23,111.65
2021-08-24,107.3
2021-08-25,107.2
2021-08-26,103.71
2021-08-27,101.09
2021-08-28,101.15
2021-08-29,102.12
2021-08-30,109.06
2021-08-31,113.7
2021-09-01,115.19
2021-09-02,110.88
2021-09-03,108.18
2021-09-04,109.24
2021-09-05,107.46
2021-09-06,111.4
2021-09-07,110.16
2021-09-08,109.12
2021-09-09,106.52
2021-09-10,106.59
2021-09-11,105.51
2021-09-12,108.4
2021-09-13,106.33
2021-09-14,105.19
2021-09-15,101.38
2021-09-16,98.6
2021-09-17,98.26
2021-09-18,96.53
2021-09-19,102.33
2021-09-20,106.51
2021-09-21,102.68
2021-09-22,95.2
2021-09-23,99.94
2021-09-24,96.48
2021-09-25,95.65
2021-09-26,101.32
2021-09-27,107.05
2021-09-28,104.01
2021-09-29,101.0
2021-09-30,96.69
2021-10-01,93.53
2021-10-02,95.81
2021-10-03,98.73
2021-10-04,101.42
2021-10-05,104.23
2021-10-06,102.44
2021-10-07,100.87
2021-10-08,99.49
2021-10-09,99.25
2021-10-10,99.7
2021-10-11,101.13
2021-10-12,100.4
2021-10-13,102.73
2021-10-14,106.22
2021-10-15,95.33
2021-10-16,99.77
2021-10-17,104.92
2021-10-18,107.98
2021-10-19,117.36
2021-10-20,118.87
2021-10-21,110.77
2021-10-22,109.42
2021-10-23,107.67
2021-10-24,108.85
2021-10-25,104.89
2021-10-26,111.76
2021-10-27,111.4
2021-10-28,111.71
2021-10-29,110.09
2021-10-30,112.77
2021-10-31,113.01
2021-11-01,114.85
2021-11-02,114.15
2021-11-03,111.08
2021-11-04,107.32
2021-11-05,106.85
2021-11-06,107.88
2021-11-07,109.53
2021-11-08,108.0
2021-11-09,107.34
2021-11-10,108.96
2021-11-11,110.33
2021-11-12,108.99
2021-11-13,107.2
2021-11-14,105.31
2021-11-15,111.8
2021-11-16,112.92
2021-11-17,121.21
2021-11-18,116.07
2021-11-19,115.9
2021-11-20,114.36
2021-11-21,114.8
2021-11-22,113.83
2021-11-23,110.13
2021-11-24,106.83
2021-11-25,109.58
2021-11-26,106.97
2021-11-27,107.86
2021-11-28,106.93
2021-11-29,114.05
2021-11-30,108.93
2021-12-01,110.55
2021-12-02,106.22
2021-12-03,109.55
2021-12-04,112.91
2021-12-05,110.23
2021-12-06,109.11
2021-12-07,109.89
2021-12-08,112.86
2021-12-09,110.99
2021-12-10,111.23
2021-12-11,113.63
2021-12-12,113.07
2021-12-13,112.02
2021-12-14,111.97
2021-12-15,104.05
2021-12-16,104.59
2021-12-17,101.84
2021-12-18,102.93
2021-12-19,105.41
2021-12-20,102.23
2021-12-21,103.49
2021-12-22,98.6
2021-12-23,93.61
2021-12-24,93.42
2021-12-25,90.87
2021-12-26,90.23
2021-12-27,89.23
2021-12-28,90.57
2021-12-29,91.95
2021-12-30,85.94
2021-12-31,82.62
2022-01-01,82.67
2022-01-02,82.89
2022-01-03,79.05
2022-01-04,81.91
2022-01-05,86.22
2022-01-06,86.23
2022-01-07,82.02
2022-01-08,82.9
2022-01-09,85.16
2022-01-10,87.73
2022-01-11,82.98
2022-01-12,79.13
2022-01-13,74.42
2022-01-14,71.7
2022-01-15,73.0
2022-01-16,74.28
2022-01-17,75.79
2022-01-18,74.75
2022-01-19,70.29
2022-01-20,80.35
2022-01-21,92.09
2022-01-22,92.83
2022-01-23,98.72
2022-01-24,94.78
2022-01-25,92.13
2022-01-26,90.82
2022-01-27,84.73
2022-01-28,85.18
2022-01-29,83.31
2022-01-30,82.49
2022-01-31,82.86
2022-02-01,85.84
2022-02-02,83.36
2022-02-03,81.89
2022-02-04,81.02
2022-02-05,79.3
2022-02-06,80.1
2022-02-07,80.4
2022-02-08,78.99
2022-02-09,79.93
2022-02-10,77.37
2022-02-11,82.5
2022-02-12,79.34
2022-02-13,78.01
2022-02-14,77.81
2022-02-15,76.77
2022-02-16,79.08
2022-02-17,80.26
2022-02-18,78.05
2022-02-19,83.81
2022-02-20,85.41
2022-02-21,88.12
2022-02-22,83.31
2022-02-23,95.88
2022-02-24,84.12
2022-02-25,81.54
2022-02-26,86.74
2022-02-27,88.76
2022-02-28,85.96
2022-03-01,83.83
2022-03-02,84.09
2022-03-03,85.76
2022-03-04,84.86
2022-03-05,84.69
2022-03-06,86.31
2022-03-07,91.02
2022-03-08,88.24
2022-03-09,90.24
2022-03-10,87.58
2022-03-11,88.78
2022-03-12,88.83
2022-03-13,89.82
2022-03-14,91.92
2022-03-15,89.11
2022-03-16,83.84
2022-03-17,79.46
2022-03-18,79.18
2022-03-19,83.45
2022-03-20,81.98
2022-03-21,81.2
2022-03-22,79.14
2022-03-23,76.4
2022-03-24,71.22
2022-03-25,69.8
2022-03-26,71.25
2022-03-27,71.66
2022-03-28,71.61
2022-03-29,70.63
2022-03-30,73.39
2022-03-31,70.54
2022-04-01,69.24
2022-04-02,69.1
2022-04-03,70.26
2022-04-04,70.47
2022-04-05,74.43
2022-04-06,73.68
2022-04-07,69.96
2022-04-08,67.69
2022-04-09,65.51
2022-04-10,72.87
2022-04-11,70.14
2022-04-12,71.02
2022-04-13,68.82
2022-04-14,67.77
2022-04-15,66.2
2022-04-16,64.7
2022-04-17,68.06
2022-04-18,66.08
2022-04-19,67.15
2022-04-20,66.96
2022-04-21,66.54
2022-04-22,65.92
2022-04-23,66.16
2022-04-24,70.5
2022-04-25,71.27
2022-04-26,71.52
2022-04-27,70.67
2022-04-28,67.34
2022-04-29,66.23
2022-04-30,67.07
2022-05-01,69.18
2022-05-02,70.59
2022-05-03,71.34
2022-05-04,72.45
2022-05-05,69.8
2022-05-06,67.93
2022-05-07,73.01
2022-05-08,82.85
2022-05-09,81.75
2022-05-10,96.28
2022-05-11,118.93
2022-05-12,95.98
2022-05-13,100.22
2022-05-14,97.45
2022-05-15,100.35
2022-05-16,92.76
2022-05-17,97.13
2022-05-18,94.77
2022-05-19,94.42
2022-05-20,89.01
2022-05-21,92.08
2022-05-22,88.71
2022-05-23,90.25
2022-05-24,88.62
2022-05-25,90.84
2022-05-26,91.92
2022-05-27,91.3
2022-05-28,91.73
2022-05-29,85.23
2022-05-30,84.19
2022-05-31,86.93
2022-06-01,85.67
2022-06-02,85.69
2022-06-03,84.5
2022-06-04,84.97
2022-06-05,81.38
2022-06-06,84.97
2022-06-07,86.83
2022-06-08,84.56
2022-06-09,90.97
2022-06-10,96.06
2022-06-11,94.82
2022-06-12,126.84
2022-06-13,121.29
2022-06-14,138.77
2022-06-15,121.44
2022-06-16,117.82
2022-06-17,124.46
2022-06-18,123.43
2022-06-19,117.92
2022-06-20,111.0
2022-06-21,111.9
2022-06-22,111.83
2022-06-23,105.16
2022-06-24,109.12
2022-06-25,106.39
2022-06-26,107.72
2022-06-27,106.97
2022-06-28,113.02
2022-06-29,114.91
2022-06-30,113.8
2022-07-01,111.22
2022-07-02,109.89
2022-07-03,106.48
2022-07-04,106.91
2022-07-05,103.41
2022-07-06,99.42
2022-07-07,99.37
2022-07-08,94.58
2022-07-09,97.6
2022-07-10,100.57
2022-07-11,103.14
2022-07-12,100.52
2022-07-13,98.92
2022-07-14,96.56
2022-07-15,102.58
2022-07-16,107.8
2022-07-17,121.95
2022-07-18,120.21
2022-07-19,114.75
2022-07-20,112.46
2022-07-21,113.4
2022-07-22,112.05
2022-07-23,112.47
2022-07-24,112.09
2022-07-25,113.3
2022-07-26,109.19
2022-07-27,114.89
2022-07-28,111.71
2022-07-29,110.0
2022-07-30,114.13
2022-07-31,114.34
2022-08-01,108.77
2022-08-02,108.6
2022-08-03,111.6
2022-08-04,111.88
2022-08-05,110.5
2022-08-06,111.46
2022-08-07,113.7
2022-08-08,115.01
2022-08-09,110.97
2022-08-10,108.62
2022-08-11,106.72
2022-08-12,107.7
2022-08-13,118.28
2022-08-14,113.43
2022-08-15,113.69
2022-08-16,115.68
2022-08-17,110.15
2022-08-18,118.91
2022-08-19,121.87
2022-08-20,120.32
2022-08-21,122.92
2022-08-22,118.42
2022-08-23,116.1
2022-08-24,115.92
2022-08-25,108.77
2022-08-26,117.41
2022-08-27,113.69
2022-08-28,112.66
2022-08-29,113.9
2022-08-30,115.57
2022-08-31,114.32
2022-09-01,110.44
2022-09-02,110.59
2022-09-03,109.22
2022-09-04,107.99
2022-09-05,107.62
2022-09-06,109.86
2022-09-07,111.47
2022-09-08,110.06
2022-09-09,110.15
2022-09-10,110.03
2022-09-11,111.53
2022-09-12,112.77
2022-09-13,112.43
2022-09-14,103.1
2022-09-15,100.75
2022-09-16,95.02
2022-09-17,97.5
2022-09-18,94.49
2022-09-19,94.4
2022-09-20,96.27
2022-09-21,99.14
2022-09-22,96.71
2022-09-23,90.87
2022-09-24,90.85
2022-09-25,92.4
2022-09-26,92.53
2022-09-27,92.42
2022-09-28,94.34
2022-09-29,87.03
2022-09-30,89.29
2022-10-01,91.04
2022-10-02,87.12
2022-10-03,86.79
2022-10-04,86.65
2022-10-05,83.41
2022-10-06,79.05
2022-10-07,77.56
2022-10-08,77.98
2022-10-09,80.63
2022-10-10,79.13
2022-10-11,81.81
2022-10-12,80.41
2022-10-13,74.78
2022-10-14,75.79
2022-10-15,76.15
2022-10-16,71.58
2022-10-17,74.59
2022-10-18,73.47
2022-10-19,72.91
2022-10-20,71.84
2022-10-21,71.05
2022-10-22,71.35
2022-10-23,73.84
2022-10-24,75.99
2022-10-25,88.85
2022-10-26,82.56
2022-10-27,77.36
2022-10-28,85.15
2022-10-29,85.73
2022-10-30,85.59
2022-10-31,85.62
2022-11-01,83.54
2022-11-02,76.99
2022-11-03,81.12
2022-11-04,78.06
2022-11-05,77.92
2022-11-06,83.79
2022-11-07,92.06
2022-11-08,125.48
2022-11-09,110.92
2022-11-10,113.21
2022-11-11,109.98
2022-11-12,119.66
2022-11-13,114.66
2022-11-14,100.24
2022-11-15,107.93
2022-11-16,105.12
2022-11-17,95.99
2022-11-18,95.06
2022-11-19,104.69
2022-11-20,106.95
2022-11-21,99.68
2022-11-22,96.48
2022-11-23,90.01
2022-11-24,86.08
2022-11-25,82.96
2022-11-26,82.93
2022-11-27,88.38
2022-11-28,86.82
2022-11-29,85.41
2022-11-30,84.52
2022-12-01,80.21
2022-12-02,81.54
2022-12-03,83.74
2022-12-04,84.45
2022-12-05,81.3
2022-12-06,81.34
2022-12-07,78.35
2022-12-08,76.53
2022-12-09,80.88
2022-12-10,86.36
2022-12-11,86.07
2022-12-12,82.48
2022-12-13,80.89
2022-12-14,75.36
2022-12-15,77.56
2022-12-16,78.89
2022-12-17,77.73
2022-12-18,76.53
2022-12-19,74.88
2022-12-20,73.56
2022-12-21,72.97
2022-12-22,70.11
2022-12-23,70.52
2022-12-24,74.3
2022-12-25,71.12
2022-12-26,70.53
2022-12-27,69.58
2022-12-28,69.37
2022-12-29,65.37
2022-12-30,65.27
2022-12-31,65.18
2023-01-01,64.1
2023-01-02,64.06
2023-01-03,61.98
2023-01-04,61.83
2023-01-05,61.19
2023-01-06,60.82
2023-01-07,60.13
2023-01-08,63.46
2023-01-09,63.3
2023-01-10,65.22
2023-01-11,65.48
2023-01-12,70.39
2023-01-13,77.26
2023-01-14,82.08
2023-01-15,80.61
2023-01-16,81.32
2023-01-17,82.71
2023-01-18,74.14
2023-01-19,69.64
2023-01-20,73.92
2023-01-21,74.33
2023-01-22,74.46
2023-01-23,73.96
2023-01-24,69.86
2023-01-25,68.71
2023-01-26,66.21
2023-01-27,65.73
2023-01-28,72.09
2023-01-29,68.76
2023-01-30,68.8
2023-01-31,71.12
2023-02-01,70.28
2023-02-02,70.19
2023-02-03,71.49
2023-02-04,71.24
2023-02-05,71.79
2023-02-06,71.25
2023-02-07,69.53
2023-02-08,67.67
2023-02-09,68.53
2023-02-10,67.58
2023-02-11,66.8
2023-02-12,70.31
2023-02-13,64.93
2023-02-14,64.91
2023-02-15,70.55
2023-02-16,68.94
2023-02-17,70.51
2023-02-18,71.37
2023-02-19,72.73
2023-02-20,70.7
2023-02-21,68.43
2023-02-22,65.08
2023-02-23,61.61
2023-02-24,58.3
2023-02-25,59.94
2023-02-26,59.39
2023-02-27,57.53
2023-02-28,62.34
2023-03-01,61.95
2023-03-02,59.7
2023-03-03,58.22
2023-03-04,59.11
2023-03-05,59.53
2023-03-06,59.45
2023-03-07,59.13
2023-03-08,57.0
2023-03-09,64.48
2023-03-10,71.25
2023-03-11,67.41
2023-03-12,73.14
2023-03-13,68.58
2023-03-14,68.69
2023-03-15,65.42
2023-03-16,67.95
2023-03-17,76.42
2023-03-18,80.79
2023-03-19,74.28
2023-03-20,77.6
2023-03-21,75.36
2023-03-22,72.44
2023-03-23,71.39
2023-03-24,69.78
2023-03-25,68.58
2023-03-26,69.04
2023-03-27,66.57
2023-03-28,70.32
2023-03-29,70.25
2023-03-30,66.32
2023-03-31,64.37
2023-04-01,66.51
2023-04-02,66.25
2023-04-03,69.49
2023-04-04,68.01
2023-04-05,67.87
2023-04-06,62.84
2023-04-07,61.28
2023-04-08,62.35
2023-04-09,65.35
2023-04-10,66.42
2023-04-11,63.29
2023-04-12,64.51
2023-04-13,62.78
2023-04-14,63.77
2023-04-15,65.66
2023-04-16,65.94
2023-04-17,64.94
2023-04-18,63.25
2023-04-19,61.49
2023-04-20,62.03
2023-04-21,62.3
2023-04-22,61.61
2023-04-23,61.88
2023-04-24,60.26
2023-04-25,60.21
2023-04-26,59.4
2023-04-27,54.64
2023-04-28,55.52
2023-04-29,56.11
2023-04-30,57.88
2023-05-01,55.93
2023-05-02,57.41
2023-05-03,56.69
2023-05-04,54.64
2023-05-05,55.84
2023-05-06,57.14
2023-05-07,56.58
2023-05-08,56.25
2023-05-09,54.72
2023-05-10,56.07
2023-05-11,55.6
2023-05-12,53.71
2023-05-13,53.42
2023-05-14,54.25
2023-05-15,54.27
2023-05-16,53.27
2023-05-17,52.08
2023-05-18,51.2
2023-05-19,51.19
2023-05-20,52.32
2023-05-21,51.1
2023-05-22,54.1
2023-05-23,54.71
2023-05-24,51.46
2023-05-25,49.15
2023-05-26,47.4
2023-05-27,47.37
2023-05-28,49.39
2023-05-29,47.21
2023-05-30,45.85
2023-05-31,45.57
2023-06-01,44.66
2023-06-02,44.31
2023-06-03,43.66
2023-06-04,44.22
2023-06-05,42.07
2023-06-06,45.12
2023-06-07,43.74
2023-06-08,42.9
2023-06-09,45.86
2023-06-10,46.48
2023-06-11,49.26
2023-06-12,49.36
2023-06-13,46.22
2023-06-14,51.49
2023-06-15,48.98
2023-06-16,47.81
2023-06-17,47.79
2023-06-18,48.13
2023-06-19,49.99
2023-06-20,55.52
2023-06-21,53.93
2023-06-22,54.14
2023-06-23,53.4
2023-06-24,51.34
2023-06-25,50.79
2023-06-26,50.39
2023-06-27,49.69
2023-06-28,46.95
2023-06-29,47.32
2023-06-30,47.55
2023-07-01,47.24
2023-07-02,50.58
2023-07-03,50.87
2023-07-04,47.23
2023-07-05,48.36
2023-07-06,47.19
2023-07-07,45.72
2023-07-08,43.86
2023-07-09,44.65
2023-07-10,43.69
2023-07-11,43.72
2023-07-12,46.86
2023-07-13,51.42
2023-07-14,47.46
2023-07-15,45.64
2023-07-16,45.16
2023-07-17,46.02
2023-07-18,44.04
2023-07-19,43.76
2023-07-20,41.67
2023-07-21,40.39
2023-07-22,40.11
2023-07-23,39.28
2023-07-24,38.59
2023-07-25,38.69
2023-07-26,38.66
2023-07-27,36.52
2023-07-28,36.37
2023-07-29,36.88
2023-07-30,37.08
2023-07-31,38.68
2023-08-01,39.15
2023-08-02,38.44
2023-08-03,36.74
2023-08-04,37.27
2023-08-05,37.02
2023-08-06,37.23
2023-08-07,35.01
2023-08-08,38.35
2023-08-09,36.85
2023-08-10,34.44
2023-08-11,33.68
2023-08-12,35.46
2023-08-13,34.58
2023-08-14,34.6
2023-08-15,34.83
2023-08-16,38.85
2023-08-17,45.25
2023-08-18,43.06
2023-08-19,42.36
2023-08-20,43.91
2023-08-21,44.2
2023-08-22,43.28
2023-08-23,48.47
2023-08-24,42.77
2023-08-25,43.12
2023-08-26,43.76
2023-08-27,43.19
2023-08-28,44.86
2023-08-29,41.38
2023-08-30,41.52
2023-08-31,38.13
2023-09-01,38.23
2023-09-02,40.36
2023-09-03,40.31
2023-09-04,39.68
2023-09-05,39.86
2023-09-06,40.42
2023-09-07,40.54
2023-09-08,39.01
2023-09-09,41.71
2023-09-10,44.53
2023-09-11,41.78
2023-09-12,42.09
2023-09-13,42.39
2023-09-23,37.45
2023-09-24,37.73
2023-09-25,38.05
2023-09-26,37.63
2023-09-27,39.81
2023-09-28,37.79
2023-09-29,37.11
2023-09-30,38.07
2023-10-01,42.18
2023-10-02,38.62
2023-10-03,38.39
2023-10-04,37.6
2023-10-05,37.15
2023-10-06,36.96
2023-10-07,36.67
2023-10-08,40.01
2023-10-09,38.93
2023-10-10,38.87
2023-10-11,41.19
2023-10-12,38.36
2023-10-13,39.09
2023-10-14,38.29
2023-10-15,37.64
2023-10-16,37.79
2023-10-17,36.5
2023-10-18,36.99
2023-10-19,39.68
2023-10-20,42.57
2023-10-21,41.98
2023-10-22,46.71
2023-10-23,54.01
2023-10-24,54.56
2023-10-25,54.19
2023-10-26,48.19
2023-10-27,48.23
2023-10-28,50.11
2023-10-29,53.96
2023-10-30,53.62
2023-10-31,55.47
2023-11-01,60.62
2023-11-02,59.47
2023-11-03,60.28
2023-11-04,65.52
2023-11-05,63.69
2023-11-06,56.56
2023-11-07,59.39
2023-11-08,66.34
2023-11-09,67.1
2023-11-10,65.04
2023-11-11,62.11
2023-11-12,67.53
2023-11-13,66.53
2023-11-14,65.16
2023-11-15,67.11
2023-11-16,59.32
2023-11-17,58.67
2023-11-18,59.89
2023-11-19,62.79
2023-11-20,60.71
2023-11-21,55.76
2023-11-22,56.88
2023-11-23,57.18
2023-11-24,57.78
2023-11-25,56.51
2023-11-26,54.89
2023-11-27,53.71
2023-11-28,52.77
2023-11-29,52.78
2023-11-30,55.19
2023-12-01,54.65
2023-12-02,60.11
2023-12-03,59.19
2023-12-04,58.52
2023-12-05,59.9
2023-12-06,61.59
2023-12-07,61.32
2023-12-08,62.41
2023-12-09,60.65
2023-12-10,63.59
2023-12-11,62.47
2023-12-12,61.46
2023-12-13,62.11
2023-12-14,59.54
2023-12-15,59.94
2023-12-16,61.06
2023-12-17,62.04
2023-12-18,62.41
2023-12-19,62.67
2023-12-20,62.45
2023-12-21,65.36
2023-12-22,64.5
2023-12-23,66.11
2023-12-24,64.17
2023-12-25,64.17
2023-12-26,70.82
2023-12-27,70.69
2023-12-28,70.88
2023-12-29,73.25
2023-12-30,71.7
2023-12-31,70.38
2024-01-01,72.14
2024-01-02,72.26
2024-01-03,73.14
2024-01-04,72.99
2024-01-05,76.7
2024-01-06,76.72
2024-01-07,73.6
2024-01-08,69.97
2024-01-09,73.29
2024-01-10,70.07
2024-01-11,65.06
2024-01-12,65.76
2024-01-13,66.15
2024-01-14,64.5
2024-01-15,61.7
2024-01-16,58.68
2024-01-17,49.2
2024-01-18,49.71
2024-01-19,47.43
2024-01-20,45.64
2024-01-21,48.02
2024-01-22,53.75
2024-01-23,48.69
2024-01-24,49.12
2024-01-25,46.33
2024-01-26,45.34
2024-01-27,48.11
2024-01-28,47.5
2024-01-29,50.47
2024-01-30,49.64
2024-01-31,47.23
2024-02-01,46.42
2024-02-02,44.87
2024-02-03,44.33
2024-02-04,45.39
2024-02-05,45.46
2024-02-06,46.14
2024-02-07,48.82
2024-02-08,51.86
2024-02-09,52.48
2024-02-10,54.18
2024-02-11,57.01
2024-02-12,59.93
2024-02-13,63.07
2024-02-14,65.08
2024-02-15,62.09
2024-02-16,62.58
2024-02-17,63.54
2024-02-18,65.32
2024-02-19,62.99
2024-02-20,62.9
2024-02-21,64.44
2024-02-22,60.67
2024-02-23,62.26
2024-02-24,64.42
2024-02-25,64.88
2024-02-26,65.62
2024-02-27,72.76
2024-02-28,74.77
2024-02-29,69.17
2024-03-01,70.7
2024-03-02,78.58
2024-03-03,77.92
2024-03-04,81.1
2024-03-05,84.43
2024-03-06,79.13
2024-03-07,78.89
2024-03-08,78.89
2024-03-09,82.46
2024-03-10,86.7
2024-03-11,77.41
2024-03-12,76.35
2024-03-13,73.13
2024-03-14,76.96
2024-03-15,75.19
2024-03-16,77.83
2024-03-17,77.32
2024-03-18,81.99
2024-03-19,85.78
2024-03-20,79.33
2024-03-21,79.91
2024-03-22,79.52
2024-03-23,80.94
2024-03-24,81.17
2024-03-25,80.38
2024-03-26,79.41
2024-03-27,81.73
2024-03-28,80.79
2024-03-29,79.78
2024-03-30,82.02
2024-03-31,80.31
2024-04-01,79.78
2024-04-02,79.62
2024-04-03,74.7
2024-04-04,75.03
2024-04-05,74.42
2024-04-06,78.78
2024-04-07,81.99
2024-04-08,79.66
2024-04-09,75.94
2024-04-10,73.38
2024-04-11,71.32
2024-04-12,71.23
2024-04-13,82.12
2024-04-14,74.91
2024-04-15,79.05
2024-04-16,77.57
2024-04-17,76.84
2024-04-18,78.56
2024-04-19,75.93
2024-04-20,78.15
2024-04-21,77.28
2024-04-22,75.76
2024-04-23,70.58
2024-04-24,66.03
2024-04-25,67.27
2024-04-26,68.56
2024-04-27,65.41
2024-04-28,64.16
2024-04-29,75.25
2024-04-30,73.91
2024-05-01,68.84
2024-05-02,67.21
2024-05-03,72.43
2024-05-04,72.78
2024-05-05,71.7
2024-05-06,67.55
2024-05-07,66.0
2024-05-08,65.16
2024-05-09,65.32
2024-05-10,63.34
2024-05-11,66.63
2024-05-12,67.45
2024-05-13,66.49
2024-05-14,65.76
2024-05-15,65.4
2024-05-16,68.27
2024-05-17,67.01
2024-05-18,69.03
2024-05-19,72.4
2024-05-20,81.14
2024-05-21,81.41
2024-05-22,81.34
2024-05-23,68.69
2024-05-24,69.91
2024-05-25,72.88
2024-05-26,71.78
2024-05-27,69.93
2024-05-28,70.06
2024-05-29,68.88
2024-05-30,68.81
2024-05-31,70.93
2024-06-01,70.66
2024-06-02,69.48
2024-06-03,68.61
2024-06-04,70.15
2024-06-05,66.37
2024-06-06,64.34
2024-06-07,64.14
2024-06-08,64.79
2024-06-09,64.79
2024-06-10,66.63
2024-06-11,67.09
2024-06-12,62.88
2024-06-13,60.46
2024-06-14,64.94
2024-06-15,65.81
2024-06-16,64.74
2024-06-17,66.86
2024-06-18,68.76
2024-06-19,68.95
2024-06-20,64.67
2024-06-21,64.96
2024-06-22,66.95
2024-06-23,66.38
2024-06-24,64.96
